symbol,start_date,end_date,digit_type,actual_frequencies,mad,entropy
SXPUSDT,2020-07-20-00:00,2020-07-21-00:00,first,"[0.26519337016574585, 0.22099447513812154, 0.11602209944751381, 0.0718232044198895, 0.09944751381215469, 0.06629834254143646, 0.0718232044198895, 0.06629834254143646, 0.022099447513812154]",0.0209214580851618,2.867231674799218
SXPUSDT,2020-07-20-00:00,2020-07-21-00:00,second,"[0.14917127071823205, 0.11602209944751381, 0.0718232044198895, 0.12154696132596685, 0.12154696132596685, 0.055248618784530384, 0.09944751381215469, 0.07734806629834254, 0.10497237569060773, 0.08287292817679558]",0.0187110516911136,3.2687065635150265
SXPUSDT,2020-07-21-00:00,2020-07-22-00:00,first,"[0.3057142857142857, 0.18857142857142858, 0.11785714285714285, 0.08214285714285714, 0.08214285714285714, 0.06928571428571428, 0.06, 0.045, 0.04928571428571429]",0.0062225049030528,2.8582276642167255
SXPUSDT,2020-07-21-00:00,2020-07-22-00:00,second,"[0.13071428571428573, 0.11714285714285715, 0.08928571428571429, 0.11928571428571429, 0.10642857142857143, 0.08857142857142856, 0.095, 0.08714285714285715, 0.08285714285714285, 0.08357142857142857]",0.0073979116570832,3.30331776157769
SXPUSDT,2020-07-22-00:00,2020-07-23-00:00,first,"[0.32357142857142857, 0.16285714285714287, 0.12428571428571429, 0.09357142857142857, 0.07571428571428572, 0.07428571428571429, 0.054285714285714284, 0.045714285714285714, 0.045714285714285714]",0.006640079458344,2.842509215873989
SXPUSDT,2020-07-22-00:00,2020-07-23-00:00,second,"[0.11357142857142857, 0.11928571428571429, 0.10785714285714286, 0.09357142857142857, 0.11071428571428571, 0.085, 0.085, 0.105, 0.09071428571428572, 0.08928571428571429]",0.0075764598837414,3.311490917867014
SXPUSDT,2020-07-23-00:00,2020-07-24-00:00,first,"[0.29294369208838206, 0.1767640769779045, 0.1361368496079829, 0.09764789736279401, 0.0947968638631504, 0.05702066999287242, 0.04989308624376337, 0.040627227369921595, 0.0541696364932288]",0.008141462005494,2.869449254477038
SXPUSDT,2020-07-23-00:00,2020-07-24-00:00,second,"[0.12758374910905204, 0.1090520313613685, 0.11261582323592302, 0.10548823948681398, 0.09978617248752673, 0.09693513898788311, 0.08267997148966501, 0.09194583036350677, 0.08980755523877405, 0.08410548823948681]",0.0033893459875634,3.3094399559579104
SXPUSDT,2020-07-24-00:00,2020-07-25-00:00,first,"[0.3051094890510949, 0.1686131386861314, 0.13941605839416057, 0.0905109489051095, 0.08102189781021898, 0.06350364963503649, 0.05693430656934306, 0.043795620437956206, 0.051094890510948905]",0.0057188593079649,2.8641351707549445
SXPUSDT,2020-07-24-00:00,2020-07-25-00:00,second,"[0.1343065693430657, 0.11605839416058394, 0.09781021897810219, 0.11094890510948906, 0.09927007299270073, 0.09343065693430656, 0.08686131386861314, 0.0854014598540146, 0.08759124087591241, 0.08832116788321168]",0.0053519879000624,3.306204718732804
SXPUSDT,2020-07-25-00:00,2020-07-26-00:00,first,"[0.3159722222222222, 0.17569444444444443, 0.1076388888888889, 0.09444444444444444, 0.07430555555555556, 0.059027777777777776, 0.06805555555555555, 0.059722222222222225, 0.04513888888888889]",0.0074612299802112,2.8617108139126484
SXPUSDT,2020-07-25-00:00,2020-07-26-00:00,second,"[0.11805555555555555, 0.11736111111111111, 0.10694444444444444, 0.09583333333333334, 0.08541666666666667, 0.10208333333333333, 0.11041666666666666, 0.09583333333333334, 0.08958333333333333, 0.07847222222222222]",0.0066827319872795,3.3102273958760016
SXPUSDT,2020-07-26-00:00,2020-07-27-00:00,first,"[0.33054975643702156, 0.16562282533054976, 0.10090466249130133, 0.08698677800974251, 0.07933194154488518, 0.07654836464857341, 0.061934585942936674, 0.05219206680584551, 0.04592901878914405]",0.0098723872978764,2.846739642592155
SXPUSDT,2020-07-26-00:00,2020-07-27-00:00,second,"[0.116214335421016, 0.11830201809324982, 0.11343075852470424, 0.09812108559498957, 0.09672929714683368, 0.10647181628392484, 0.08629088378566457, 0.09255393180236604, 0.08629088378566457, 0.08559498956158663]",0.0043230669446297,3.3113703117257116
SXPUSDT,2020-07-27-00:00,2020-07-28-00:00,first,"[0.336812804453723, 0.1732776617954071, 0.116214335421016, 0.08768267223382047, 0.08629088378566457, 0.04871259568545581, 0.055671537926235214, 0.05219206680584551, 0.04314544189283229]",0.0097626646413879,2.803087805450866
SXPUSDT,2020-07-27-00:00,2020-07-28-00:00,second,"[0.12317327766179541, 0.11134307585247043, 0.10855949895615867, 0.09394572025052192, 0.10368823938761308, 0.09394572025052192, 0.1022964509394572, 0.08350730688935282, 0.07933194154488518, 0.10020876826722339]",0.00620143551018,3.310840788748076
SXPUSDT,2020-07-28-00:00,2020-07-29-00:00,first,"[0.3236111111111111, 0.16944444444444445, 0.11319444444444444, 0.0798611111111111, 0.08055555555555556, 0.07430555555555556, 0.06388888888888888, 0.04652777777777778, 0.04861111111111111]",0.0089032785203646,2.8506079930961388
SXPUSDT,2020-07-28-00:00,2020-07-29-00:00,second,"[0.1361111111111111, 0.11041666666666666, 0.11041666666666666, 0.09861111111111111, 0.09236111111111112, 0.09583333333333334, 0.09236111111111112, 0.09166666666666666, 0.0763888888888889, 0.09583333333333334]",0.0060355337696186,3.3059423530284318
SXPUSDT,2020-07-29-00:00,2020-07-30-00:00,first,"[0.2988826815642458, 0.15293296089385475, 0.1319832402234637, 0.08659217877094973, 0.09217877094972067, 0.06773743016759777, 0.06005586592178771, 0.06424581005586592, 0.04539106145251397]",0.007997750134851,2.907040398036571
SXPUSDT,2020-07-29-00:00,2020-07-30-00:00,second,"[0.12360335195530726, 0.10125698324022346, 0.1180167597765363, 0.10614525139664804, 0.10614525139664804, 0.08589385474860335, 0.0893854748603352, 0.10125698324022346, 0.08868715083798882, 0.07960893854748603]",0.0065588351307918,3.3088855340525716
SXPUSDT,2020-07-30-00:00,2020-07-31-00:00,first,"[0.299784327821711, 0.17613227893601727, 0.13371675053918045, 0.10855499640546369, 0.07404744787922359, 0.05966930265995687, 0.056074766355140186, 0.04744787922358016, 0.04457225017972682]",0.0045475593796941,2.8606873494158545
SXPUSDT,2020-07-30-00:00,2020-07-31-00:00,second,"[0.10639827462257369, 0.11718188353702372, 0.12437095614665708, 0.10496046010064701, 0.0905823148813803, 0.10208483105679367, 0.08267433501078361, 0.09345794392523364, 0.09345794392523364, 0.08483105679367361]",0.0067747154793554,3.3100971541240223
SXPUSDT,2020-07-31-00:00,2020-08-01-00:00,first,"[0.30122214234363764, 0.17253774263120059, 0.13156002875629044, 0.09705248023005032, 0.08411214953271028, 0.05966930265995687, 0.06398274622573688, 0.04457225017972682, 0.04529115744069015]",0.0039728019517281,2.869473317448452
SXPUSDT,2020-07-31-00:00,2020-08-01-00:00,second,"[0.13946800862688713, 0.10496046010064701, 0.10496046010064701, 0.08986340762041696, 0.10136592379583034, 0.09633357296908698, 0.09202012940330698, 0.09633357296908698, 0.09130122214234364, 0.08339324227174695]",0.0061118427642446,3.3074622095416606
SXPUSDT,2020-08-01-00:00,2020-08-02-00:00,first,"[0.3090277777777778, 0.175, 0.12013888888888889, 0.08472222222222223, 0.07777777777777778, 0.06805555555555555, 0.05416666666666667, 0.0625, 0.04861111111111111]",0.0051794769203985,2.8729518204883253
SXPUSDT,2020-08-01-00:00,2020-08-02-00:00,second,"[0.13194444444444445, 0.11805555555555555, 0.1, 0.10972222222222222, 0.1, 0.09027777777777778, 0.09375, 0.0875, 0.08402777777777778, 0.08472222222222223]",0.0044397108407578,3.3064694977858506
SXPUSDT,2020-08-02-00:00,2020-08-03-00:00,first,"[0.2986111111111111, 0.1673611111111111, 0.12708333333333333, 0.08611111111111111, 0.06944444444444445, 0.07152777777777777, 0.06388888888888888, 0.06111111111111111, 0.05486111111111111]",0.0070410524439035,2.904273788670297
SXPUSDT,2020-08-02-00:00,2020-08-03-00:00,second,"[0.12777777777777777, 0.11041666666666666, 0.10902777777777778, 0.10972222222222222, 0.09305555555555556, 0.09722222222222222, 0.09166666666666666, 0.09236111111111112, 0.08611111111111111, 0.08263888888888889]",0.0032503116411673,3.309694468909606
SXPUSDT,2020-08-03-00:00,2020-08-04-00:00,first,"[0.3003484320557491, 0.178397212543554, 0.13310104529616726, 0.09268292682926829, 0.08013937282229965, 0.06759581881533101, 0.04878048780487805, 0.04041811846689895, 0.05853658536585366]",0.0055232250978469,2.8640146497779595
SXPUSDT,2020-08-03-00:00,2020-08-04-00:00,second,"[0.12682926829268293, 0.12195121951219512, 0.11846689895470383, 0.089198606271777, 0.09059233449477352, 0.09895470383275261, 0.09128919860627177, 0.08780487804878048, 0.09547038327526132, 0.0794425087108014]",0.0070068626952932,3.3049224951265614
SXPUSDT,2020-08-04-00:00,2020-08-05-00:00,first,"[0.3168523676880223, 0.1713091922005571, 0.13231197771587744, 0.09818941504178273, 0.06963788300835655, 0.0584958217270195, 0.055710306406685235, 0.04387186629526462, 0.05362116991643454]",0.0071863765602454,2.839833454474445
SXPUSDT,2020-08-04-00:00,2020-08-05-00:00,second,"[0.116991643454039, 0.10445682451253482, 0.11142061281337047, 0.09958217270194986, 0.09958217270194986, 0.08426183844011143, 0.09749303621169916, 0.0967966573816156, 0.0947075208913649, 0.0947075208913649]",0.0060019436989427,3.31648306717055
SXPUSDT,2020-08-05-00:00,2020-08-06-00:00,first,"[0.2965277777777778, 0.18194444444444444, 0.13819444444444445, 0.10208333333333333, 0.075, 0.05, 0.059027777777777776, 0.04861111111111111, 0.04861111111111111]",0.0062603699779359,2.8594762506898177
SXPUSDT,2020-08-05-00:00,2020-08-06-00:00,second,"[0.12083333333333333, 0.12083333333333333, 0.11319444444444444, 0.08472222222222223, 0.10486111111111111, 0.09236111111111112, 0.10347222222222222, 0.09236111111111112, 0.08055555555555556, 0.08680555555555555]",0.0061875921446508,3.3077238151313972
SXPUSDT,2020-08-06-00:00,2020-08-07-00:00,first,"[0.2797494780793319, 0.1837160751565762, 0.12734864300626306, 0.10925539318023661, 0.0709812108559499, 0.07724425887265135, 0.054975643702157274, 0.05219206680584551, 0.04453723034098817]",0.0074926925047868,2.89942264688485
SXPUSDT,2020-08-06-00:00,2020-08-07-00:00,second,"[0.12734864300626306, 0.11899791231732777, 0.12038970076548365, 0.10020876826722339, 0.11760612386917188, 0.07933194154488518, 0.09742519137091162, 0.081419624217119, 0.07167710508002784, 0.08559498956158663]",0.0092582799544982,3.295556278672412
SXPUSDT,2020-08-07-00:00,2020-08-08-00:00,first,"[0.30598052851182195, 0.20097357440890126, 0.12447844228094576, 0.08623087621696801, 0.07301808066759388, 0.06258692628650904, 0.050764951321279554, 0.04381084840055633, 0.0521557719054242]",0.008051362121291,2.8312075219119257
SXPUSDT,2020-08-07-00:00,2020-08-08-00:00,second,"[0.12100139082058414, 0.10152990264255911, 0.10848400556328233, 0.10917941585535466, 0.10361613351877608, 0.09388038942976357, 0.0890125173852573, 0.10778859527121001, 0.08762169680111266, 0.07788595271210014]",0.0053936316646306,3.3111613977186236
SXPUSDT,2020-08-08-00:00,2020-08-09-00:00,first,"[0.28312412831241285, 0.20641562064156208, 0.11506276150627615, 0.10599721059972106, 0.07461645746164575, 0.06834030683403068, 0.05299860529986053, 0.045327754532775454, 0.04811715481171548]",0.0095921645848896,2.868942387745277
SXPUSDT,2020-08-08-00:00,2020-08-09-00:00,second,"[0.1192468619246862, 0.10529986052998605, 0.10739191073919108, 0.100418410041841, 0.10390516039051603, 0.09344490934449093, 0.08716875871687588, 0.09762900976290098, 0.09902370990237098, 0.08647140864714087]",0.0047603383058384,3.31572793098839
SXPUSDT,2020-08-09-00:00,2020-08-10-00:00,first,"[0.28036086051353226, 0.1970853573907009, 0.12352532963219987, 0.09854267869535045, 0.09090909090909091, 0.05829285218598196, 0.054823039555863984, 0.046495489243580844, 0.04996530187369882]",0.0085694267104007,2.883288628267691
SXPUSDT,2020-08-09-00:00,2020-08-10-00:00,second,"[0.11519777931991672, 0.11103400416377515, 0.10062456627342123, 0.11172796668979876, 0.09299097848716169, 0.09646079111727966, 0.09576682859125607, 0.0936849410131853, 0.08813324080499653, 0.09437890353920889]",0.0046136379436585,3.3163642529912254
SXPUSDT,2020-08-10-00:00,2020-08-11-00:00,first,"[0.27550312283136713, 0.18112421929215822, 0.13671061762664816, 0.10478834142956281, 0.08882720333102012, 0.05412907702984039, 0.061068702290076333, 0.05829285218598196, 0.0395558639833449]",0.0098991582246038,2.90003946939499
SXPUSDT,2020-08-10-00:00,2020-08-11-00:00,second,"[0.11519777931991672, 0.11866759195003469, 0.10478834142956281, 0.10270645385149202, 0.10131852879944483, 0.10131852879944483, 0.08327550312283137, 0.08327550312283137, 0.10617626648161, 0.08327550312283137]",0.0058070641948429,3.311038336382759
SXPUSDT,2020-08-11-00:00,2020-08-12-00:00,first,"[0.27203331020124916, 0.16516308119361556, 0.1325468424705066, 0.10756419153365718, 0.08813324080499653, 0.07702984038861901, 0.06731436502428868, 0.054823039555863984, 0.03539208882720333]",0.0111756144573932,2.9284909080606587
SXPUSDT,2020-08-11-00:00,2020-08-12-00:00,second,"[0.12560721721027066, 0.11589174184594032, 0.10062456627342123, 0.10062456627342123, 0.0936849410131853, 0.09021512838306732, 0.0916030534351145, 0.10062456627342123, 0.08882720333102012, 0.0922970159611381]",0.0053517955422392,3.312908967479218
SXPUSDT,2020-08-12-00:00,2020-08-13-00:00,first,"[0.28105482303955587, 0.16585704371963914, 0.12630117973629423, 0.1179736294240111, 0.09299097848716169, 0.06453851492019431, 0.06315058986814712, 0.048577376821651634, 0.0395558639833449]",0.0091987633053213,2.9070989258162228
SXPUSDT,2020-08-12-00:00,2020-08-13-00:00,second,"[0.11727966689798751, 0.10756419153365718, 0.11103400416377515, 0.10340041637751561, 0.1040943789035392, 0.1040943789035392, 0.09576682859125607, 0.08466342817487855, 0.09299097848716169, 0.0791117279666898]",0.0042457685223927,3.3126395870151493
SXPUSDT,2020-08-13-00:00,2020-08-14-00:00,first,"[0.27550312283136713, 0.1554476058292852, 0.12699514226231784, 0.10895211658570438, 0.10131852879944483, 0.06315058986814712, 0.06315058986814712, 0.05135322692574601, 0.05412907702984039]",0.0111037168492169,2.942078037226055
SXPUSDT,2020-08-13-00:00,2020-08-14-00:00,second,"[0.10895211658570438, 0.11311589174184594, 0.11658570437196392, 0.08605135322692574, 0.09646079111727966, 0.10964607911172797, 0.09715475364330327, 0.08258154059680778, 0.09090909090909091, 0.09854267869535045]",0.0082794861008031,3.3130604328548197
SXPUSDT,2020-08-14-00:00,2020-08-15-00:00,first,"[0.26578764746703676, 0.16516308119361556, 0.14226231783483692, 0.09507286606523248, 0.09993060374739764, 0.08258154059680778, 0.04996530187369882, 0.054823039555863984, 0.04441360166551006]",0.012750712666886,2.9345783817570283
SXPUSDT,2020-08-14-00:00,2020-08-15-00:00,second,"[0.11589174184594032, 0.11103400416377515, 0.11034004163775156, 0.10270645385149202, 0.09854267869535045, 0.09299097848716169, 0.09576682859125607, 0.0936849410131853, 0.08258154059680778, 0.09646079111727966]",0.0037414052487264,3.3153270378715485
SXPUSDT,2020-08-15-00:00,2020-08-16-00:00,first,"[0.24496877168632894, 0.22623178348369188, 0.1339347675225538, 0.11658570437196392, 0.0784177654406662, 0.06731436502428868, 0.05343511450381679, 0.048577376821651634, 0.030534351145038167]",0.0175955160221883,2.8736720027227056
SXPUSDT,2020-08-15-00:00,2020-08-16-00:00,second,"[0.10270645385149202, 0.10478834142956281, 0.10478834142956281, 0.09576682859125607, 0.10062456627342123, 0.10478834142956281, 0.10478834142956281, 0.09299097848716169, 0.0936849410131853, 0.09507286606523248]",0.0077340931878062,3.3202555873907222
SXPUSDT,2020-08-16-00:00,2020-08-17-00:00,first,"[0.26717557251908397, 0.20957668285912562, 0.13879250520471895, 0.11450381679389313, 0.08535739070090215, 0.05412907702984039, 0.047883414295628035, 0.04302567661346287, 0.0395558639833449]",0.0158020312975505,2.854977093403129
SXPUSDT,2020-08-16-00:00,2020-08-17-00:00,second,"[0.11103400416377515, 0.10964607911172797, 0.10478834142956281, 0.0936849410131853, 0.0936849410131853, 0.0922970159611381, 0.10687022900763359, 0.10201249132546843, 0.0922970159611381, 0.0936849410131853]",0.0077141093236464,3.318144435831299
SXPUSDT,2020-08-17-00:00,2020-08-18-00:00,first,"[0.23455933379597502, 0.2643997224149896, 0.17210270645385148, 0.1179736294240111, 0.07286606523247745, 0.04718945176960444, 0.033310201249132546, 0.029840388619014575, 0.027758501040943788]",0.0347857888046254,2.7402370401192626
SXPUSDT,2020-08-17-00:00,2020-08-18-00:00,second,"[0.09854267869535045, 0.10340041637751561, 0.11589174184594032, 0.09784871616932686, 0.10131852879944483, 0.10270645385149202, 0.10687022900763359, 0.08952116585704371, 0.08813324080499653, 0.09576682859125607]",0.0077875888811526,3.3176555811521538
SXPUSDT,2020-08-18-00:00,2020-08-19-00:00,first,"[0.2817487855655795, 0.19153365718251214, 0.12352532963219987, 0.11242192921582235, 0.08188757807078417, 0.07147814018043026, 0.05135322692574601, 0.048577376821651634, 0.03747397640527411]",0.0084871104239051,2.875928802609605
SXPUSDT,2020-08-18-00:00,2020-08-19-00:00,second,"[0.10062456627342123, 0.10478834142956281, 0.11380985426786953, 0.11103400416377515, 0.08743927827897294, 0.10687022900763359, 0.10270645385149202, 0.0936849410131853, 0.09923664122137404, 0.0798056904927134]",0.0092434099710077,3.3145634917983005
SXPUSDT,2020-08-19-00:00,2020-08-20-00:00,first,"[0.24149895905621097, 0.1693268563497571, 0.14087439278278974, 0.12699514226231784, 0.09437890353920889, 0.08258154059680778, 0.06176266481609993, 0.04441360166551006, 0.03816793893129771]",0.0179164248277651,2.951304427004151
SXPUSDT,2020-08-19-00:00,2020-08-20-00:00,second,"[0.11380985426786953, 0.12213740458015267, 0.11034004163775156, 0.09437890353920889, 0.10756419153365718, 0.09784871616932686, 0.0922970159611381, 0.0936849410131853, 0.08605135322692574, 0.08188757807078417]",0.0043052530363007,3.3111663861152643
SXPUSDT,2020-08-20-00:00,2020-08-21-00:00,first,"[0.2532963219986121, 0.19014573213046496, 0.1707147814018043, 0.10964607911172797, 0.0922970159611381, 0.07009021512838307, 0.05065926439972242, 0.031922276197085354, 0.031228313671061762]",0.019739062085165,2.861062259541159
SXPUSDT,2020-08-20-00:00,2020-08-21-00:00,second,"[0.10617626648161, 0.11311589174184594, 0.10478834142956281, 0.1179736294240111, 0.10825815405968078, 0.0916030534351145, 0.09021512838306732, 0.09090909090909091, 0.08466342817487855, 0.0922970159611381]",0.0058901573056172,3.313541558585296
SXPUSDT,2020-08-21-00:00,2020-08-22-00:00,first,"[0.21790423317140875, 0.19361554476058293, 0.15336571825121442, 0.131852879944483, 0.08674531575294935, 0.07425399028452463, 0.06453851492019431, 0.04371963913948647, 0.034004163775156145]",0.0227359939079969,2.940855326306899
SXPUSDT,2020-08-21-00:00,2020-08-22-00:00,second,"[0.1193615544760583, 0.12838306731436502, 0.10062456627342123, 0.09021512838306732, 0.10270645385149202, 0.08674531575294935, 0.1054823039555864, 0.0777238029146426, 0.09646079111727966, 0.0922970159611381]",0.0090378370210271,3.3073348548797505
SXPUSDT,2020-08-22-00:00,2020-08-23-00:00,first,"[0.21651630811936157, 0.1693268563497571, 0.12630117973629423, 0.10964607911172797, 0.1193615544760583, 0.09299097848716169, 0.07009021512838307, 0.055517002081887576, 0.040249826509368494]",0.0215079454004112,3.010043114432255
SXPUSDT,2020-08-22-00:00,2020-08-23-00:00,second,"[0.1311589174184594, 0.1054823039555864, 0.10687022900763359, 0.08813324080499653, 0.08535739070090215, 0.09437890353920889, 0.10201249132546843, 0.09646079111727966, 0.09854267869535045, 0.0916030534351145]",0.0087609065411196,3.3114320859627044
SXPUSDT,2020-08-23-00:00,2020-08-24-00:00,first,"[0.2879944482997918, 0.1852879944482998, 0.1596113809854268, 0.0916030534351145, 0.07494795281054822, 0.05759888965995836, 0.055517002081887576, 0.049271339347675226, 0.03816793893129771]",0.0097487510599434,2.8490050206081587
SXPUSDT,2020-08-23-00:00,2020-08-24-00:00,second,"[0.11866759195003469, 0.11589174184594032, 0.10756419153365718, 0.09507286606523248, 0.09784871616932686, 0.0936849410131853, 0.09784871616932686, 0.1040943789035392, 0.0784177654406662, 0.09090909090909091]",0.0052259494620018,3.3125172838952337
SXPUSDT,2020-08-24-00:00,2020-08-25-00:00,first,"[0.28521859819569745, 0.19222761970853575, 0.12421929215822346, 0.0936849410131853, 0.08743927827897294, 0.0652324774462179, 0.05829285218598196, 0.0520471894517696, 0.041637751561415685]",0.0056866589104191,2.883563428587818
SXPUSDT,2020-08-24-00:00,2020-08-25-00:00,second,"[0.11866759195003469, 0.10478834142956281, 0.11103400416377515, 0.1054823039555864, 0.10687022900763359, 0.08952116585704371, 0.09646079111727966, 0.0936849410131853, 0.09854267869535045, 0.07494795281054822]",0.0054637815634525,3.3118180677532747
SXPUSDT,2020-08-25-00:00,2020-08-26-00:00,first,"[0.3060374739764053, 0.19500346981263011, 0.12144344205412907, 0.08605135322692574, 0.08674531575294935, 0.05829285218598196, 0.05412907702984039, 0.04510756419153366, 0.04718945176960444]",0.0073146044408059,2.8388501072317345
SXPUSDT,2020-08-25-00:00,2020-08-26-00:00,second,"[0.10687022900763359, 0.11589174184594032, 0.1054823039555864, 0.11034004163775156, 0.10756419153365718, 0.08466342817487855, 0.09021512838306732, 0.09507286606523248, 0.09507286606523248, 0.08882720333102012]",0.0062643299333163,3.3147040577397155
SXPUSDT,2020-08-26-00:00,2020-08-27-00:00,first,"[0.30881332408049966, 0.1825121443442054, 0.1297709923664122, 0.09715475364330327, 0.06939625260235947, 0.06315058986814712, 0.06037473976405274, 0.03816793893129771, 0.05065926439972242]",0.0059035059386255,2.84155208583986
SXPUSDT,2020-08-26-00:00,2020-08-27-00:00,second,"[0.11658570437196392, 0.11242192921582235, 0.11450381679389313, 0.08674531575294935, 0.1040943789035392, 0.10270645385149202, 0.1054823039555864, 0.09090909090909091, 0.08327550312283137, 0.08327550312283137]",0.0056324764571103,3.3109182785329687
SXPUSDT,2020-08-27-00:00,2020-08-28-00:00,first,"[0.2997918112421929, 0.1714087439278279, 0.1339347675225538, 0.0936849410131853, 0.08396946564885496, 0.06384455239417071, 0.05135322692574601, 0.05135322692574601, 0.05065926439972242]",0.0041970508517546,2.877116338766397
SXPUSDT,2020-08-27-00:00,2020-08-28-00:00,second,"[0.12213740458015267, 0.11034004163775156, 0.10825815405968078, 0.09854267869535045, 0.11034004163775156, 0.09646079111727966, 0.09576682859125607, 0.10270645385149202, 0.07425399028452463, 0.08119361554476058]",0.0054473065487105,3.3083844579499138
SXPUSDT,2020-08-28-00:00,2020-08-29-00:00,first,"[0.3025676613462873, 0.1845940319222762, 0.1311589174184594, 0.08952116585704371, 0.08327550312283137, 0.061068702290076333, 0.056210964607911175, 0.04718945176960444, 0.04441360166551006]",0.0045233058742815,2.853661140004573
SXPUSDT,2020-08-28-00:00,2020-08-29-00:00,second,"[0.12352532963219987, 0.11589174184594032, 0.1040943789035392, 0.11866759195003469, 0.0922970159611381, 0.09090909090909091, 0.10340041637751561, 0.09646079111727966, 0.0791117279666898, 0.07564191533657183]",0.0072640427269867,3.3046962579464236
SXPUSDT,2020-08-29-00:00,2020-08-30-00:00,first,"[0.2782789729354615, 0.17834836918806385, 0.12144344205412907, 0.09299097848716169, 0.08258154059680778, 0.07494795281054822, 0.06453851492019431, 0.05829285218598196, 0.048577376821651634]",0.0067034115119078,2.92862724859726
SXPUSDT,2020-08-29-00:00,2020-08-30-00:00,second,"[0.10478834142956281, 0.11311589174184594, 0.10270645385149202, 0.11450381679389313, 0.10478834142956281, 0.10895211658570438, 0.0922970159611381, 0.0916030534351145, 0.08743927827897294, 0.0798056904927134]",0.005636068134762,3.3130351508117806
SXPUSDT,2020-08-30-00:00,2020-08-31-00:00,first,"[0.27133934767522555, 0.20263705759888967, 0.15475364330326163, 0.10270645385149202, 0.08188757807078417, 0.05690492713393477, 0.056210964607911175, 0.031228313671061762, 0.04233171408743928]",0.0144141062455033,2.844800071875887
SXPUSDT,2020-08-30-00:00,2020-08-31-00:00,second,"[0.13324080499653018, 0.11103400416377515, 0.11311589174184594, 0.09507286606523248, 0.0916030534351145, 0.08743927827897294, 0.09784871616932686, 0.09715475364330327, 0.08466342817487855, 0.08882720333102012]",0.0065925050338611,3.307970517339772
SXPUSDT,2020-08-31-00:00,2020-09-01-00:00,first,"[0.32130464954892435, 0.20194309507286606, 0.1325468424705066, 0.09507286606523248, 0.06176266481609993, 0.05065926439972242, 0.040249826509368494, 0.05065926439972242, 0.04580152671755725]",0.0119508070936037,2.775942990539932
SXPUSDT,2020-08-31-00:00,2020-09-01-00:00,second,"[0.11380985426786953, 0.10478834142956281, 0.10201249132546843, 0.11727966689798751, 0.10617626648161, 0.09923664122137404, 0.0916030534351145, 0.09646079111727966, 0.0798056904927134, 0.08882720333102012]",0.0062632458842228,3.3133929729631872
SXPUSDT,2020-09-01-00:00,2020-09-02-00:00,first,"[0.2748091603053435, 0.19083969465648856, 0.1554476058292852, 0.10201249132546843, 0.07494795281054822, 0.06939625260235947, 0.05343511450381679, 0.046495489243580844, 0.03261623872310895]",0.0117353880246557,2.861502510021497
SXPUSDT,2020-09-01-00:00,2020-09-02-00:00,second,"[0.11589174184594032, 0.10756419153365718, 0.11450381679389313, 0.10478834142956281, 0.10478834142956281, 0.0916030534351145, 0.09784871616932686, 0.08535739070090215, 0.09923664122137404, 0.0784177654406662]",0.0053523612355549,3.3121973205217943
SXPUSDT,2020-09-02-00:00,2020-09-03-00:00,first,"[0.28452463566967384, 0.17765440666204024, 0.1443442054129077, 0.11450381679389313, 0.07494795281054822, 0.05690492713393477, 0.04996530187369882, 0.055517002081887576, 0.041637751561415685]",0.0095393110736243,2.8738602651679304
SXPUSDT,2020-09-02-00:00,2020-09-03-00:00,second,"[0.11103400416377515, 0.10617626648161, 0.09784871616932686, 0.11589174184594032, 0.10062456627342123, 0.09576682859125607, 0.09923664122137404, 0.09993060374739764, 0.08882720333102012, 0.08466342817487855]",0.0057152430578227,3.316179989860675
SXPUSDT,2020-09-03-00:00,2020-09-04-00:00,first,"[0.2789729354614851, 0.18112421929215822, 0.12005551700208189, 0.09576682859125607, 0.08813324080499653, 0.07286606523247745, 0.05829285218598196, 0.05412907702984039, 0.05065926439972242]",0.0062407698278921,2.920470673378682
SXPUSDT,2020-09-03-00:00,2020-09-04-00:00,second,"[0.12630117973629423, 0.10062456627342123, 0.1040943789035392, 0.10756419153365718, 0.11172796668979876, 0.09437890353920889, 0.10131852879944483, 0.08813324080499653, 0.08605135322692574, 0.0798056904927134]",0.0058440199761478,3.3099058818611877
SXPUSDT,2020-09-04-00:00,2020-09-05-00:00,first,"[0.3011797362942401, 0.17696044413601666, 0.12074947952810548, 0.10617626648161, 0.07564191533657183, 0.06176266481609993, 0.05898681471200555, 0.054823039555863984, 0.04371963913948647]",0.0033223475615443,2.8731712196858843
SXPUSDT,2020-09-04-00:00,2020-09-05-00:00,second,"[0.1304649548924358, 0.10825815405968078, 0.10687022900763359, 0.10895211658570438, 0.10617626648161, 0.0922970159611381, 0.08952116585704371, 0.09507286606523248, 0.08049965301873699, 0.08188757807078417]",0.0051994367319919,3.3072784053730624
SXPUSDT,2020-09-05-00:00,2020-09-06-00:00,first,"[0.3136710617626648, 0.17973629424011103, 0.12699514226231784, 0.11172796668979876, 0.07009021512838307, 0.05690492713393477, 0.047883414295628035, 0.05065926439972242, 0.04233171408743928]",0.0073689912486385,2.826203747621798
SXPUSDT,2020-09-05-00:00,2020-09-06-00:00,second,"[0.11658570437196392, 0.1179736294240111, 0.11034004163775156, 0.10964607911172797, 0.0916030534351145, 0.0922970159611381, 0.0936849410131853, 0.08535739070090215, 0.0922970159611381, 0.09021512838306732]",0.0042347062934534,3.312407783725507
SXPUSDT,2020-09-06-00:00,2020-09-07-00:00,first,"[0.27966689798750866, 0.1873698820263706, 0.14712005551700208, 0.09507286606523248, 0.08535739070090215, 0.06315058986814712, 0.061068702290076333, 0.03469812630117974, 0.046495489243580844]",0.0096557423395475,2.8714129640069594
SXPUSDT,2020-09-06-00:00,2020-09-07-00:00,second,"[0.12560721721027066, 0.131852879944483, 0.09576682859125607, 0.09437890353920889, 0.09507286606523248, 0.09576682859125607, 0.10201249132546843, 0.09854267869535045, 0.07564191533657183, 0.08535739070090215]",0.0082158417523411,3.3038885797796227
SXPUSDT,2020-09-07-00:00,2020-09-08-00:00,first,"[0.3039555863983345, 0.18945176960444135, 0.14920194309507287, 0.08952116585704371, 0.07078417765440666, 0.062456627342123525, 0.05135322692574601, 0.04233171408743928, 0.040943789035392086]",0.0090109572821969,2.820270414554513
SXPUSDT,2020-09-07-00:00,2020-09-08-00:00,second,"[0.10478834142956281, 0.11866759195003469, 0.11034004163775156, 0.11103400416377515, 0.10964607911172797, 0.0936849410131853, 0.09090909090909091, 0.08743927827897294, 0.0916030534351145, 0.08188757807078417]",0.0052742703615877,3.312005326828447
SXPUSDT,2020-09-08-00:00,2020-09-09-00:00,first,"[0.29354614850798055, 0.20124913254684246, 0.13740458015267176, 0.10340041637751561, 0.0777238029146426, 0.05759888965995836, 0.04580152671755725, 0.03747397640527411, 0.04580152671755725]",0.0098129236804165,2.8252018170914144
SXPUSDT,2020-09-08-00:00,2020-09-09-00:00,second,"[0.11034004163775156, 0.12560721721027066, 0.11380985426786953, 0.10270645385149202, 0.10340041637751561, 0.09437890353920889, 0.0784177654406662, 0.09923664122137404, 0.09437890353920889, 0.0777238029146426]",0.0070982370174259,3.3073794641203724
SXPUSDT,2020-09-09-00:00,2020-09-10-00:00,first,"[0.30153203342618384, 0.1775766016713092, 0.10376044568245125, 0.100974930362117, 0.0745125348189415, 0.06963788300835655, 0.08008356545961003, 0.04874651810584958, 0.04317548746518106]",0.0068522243536795,2.8842344413524104
SXPUSDT,2020-09-09-00:00,2020-09-10-00:00,second,"[0.12465181058495822, 0.11211699164345404, 0.10933147632311978, 0.10654596100278552, 0.10724233983286909, 0.08426183844011143, 0.08565459610027855, 0.08635097493036212, 0.10376044568245125, 0.08008356545961003]",0.0061646899492789,3.3075328541265887
SXPUSDT,2020-09-10-00:00,2020-09-11-00:00,first,"[0.3312456506610995, 0.18441196938065413, 0.12526096033402923, 0.0779401530967293, 0.061238691718858734, 0.05010438413361169, 0.061934585942936674, 0.05915100904662491, 0.04871259568545581]",0.0119455154971321,2.8055086970442793
SXPUSDT,2020-09-10-00:00,2020-09-11-00:00,second,"[0.12108559498956159, 0.1057759220598469, 0.1266527487821851, 0.10160055671537926, 0.08350730688935282, 0.10716771050800278, 0.08768267223382047, 0.0883785664578984, 0.09046624913013222, 0.08768267223382047]",0.0070619133204873,3.3075308664228698
SXPUSDT,2020-09-11-00:00,2020-09-12-00:00,first,"[0.3412091730368311, 0.16886726893676163, 0.09728978457261987, 0.08756080611535788, 0.0660180681028492, 0.06810284920083391, 0.0660180681028492, 0.04933981931897151, 0.05559416261292564]",0.0131551178045519,2.8249716906944355
SXPUSDT,2020-09-11-00:00,2020-09-12-00:00,second,"[0.11813759555246699, 0.10840861709520501, 0.10840861709520501, 0.11049339819318972, 0.09589993050729674, 0.0847810979847116, 0.0965948575399583, 0.08686587908269632, 0.09520500347463516, 0.09520500347463516]",0.0054453122063738,3.3143162645379247
SXPUSDT,2020-09-12-00:00,2020-09-13-00:00,first,"[0.2907949790794979, 0.19456066945606695, 0.12831241283124128, 0.08298465829846582, 0.07810320781032078, 0.06415620641562064, 0.060669456066945605, 0.056485355648535567, 0.043933054393305436]",0.0066340953141644,2.874810919123391
SXPUSDT,2020-09-12-00:00,2020-09-13-00:00,second,"[0.1192468619246862, 0.11436541143654114, 0.11157601115760112, 0.09414225941422594, 0.0899581589958159, 0.09274755927475593, 0.09135285913528592, 0.09344490934449093, 0.09274755927475593, 0.100418410041841]",0.0053842607872016,3.3144018900756493
SXPUSDT,2020-09-13-00:00,2020-09-14-00:00,first,"[0.3085476025017373, 0.17859624739402363, 0.1348158443363447, 0.08895066018068103, 0.07227241139680333, 0.0729673384294649, 0.04794996525364837, 0.056289089645587216, 0.03961084086170952]",0.0069015153113779,2.845345995720887
SXPUSDT,2020-09-13-00:00,2020-09-14-00:00,second,"[0.11952744961779013, 0.10701876302988186, 0.11605281445448228, 0.1063238359972203, 0.08686587908269632, 0.10840861709520501, 0.09520500347463516, 0.0778318276580959, 0.08547602501737317, 0.09728978457261987]",0.0070159345429288,3.30948155308411
SXPUSDT,2020-09-14-00:00,2020-09-15-00:00,first,"[0.3201113430758525, 0.17188587334725122, 0.12386917188587335, 0.09394572025052192, 0.07028531663187196, 0.05706332637439109, 0.055671537926235214, 0.05288796102992345, 0.054279749478079335]",0.0065197877581816,2.845921923513509
SXPUSDT,2020-09-14-00:00,2020-09-15-00:00,second,"[0.11482254697286012, 0.10299234516353514, 0.10786360473208072, 0.1057759220598469, 0.09812108559498957, 0.10995128740431455, 0.10020876826722339, 0.09394572025052192, 0.08559498956158663, 0.08072372999304106]",0.005029635379197,3.314247956321033
SXPUSDT,2020-09-15-00:00,2020-09-16-00:00,first,"[0.3236111111111111, 0.18333333333333332, 0.11736111111111111, 0.0798611111111111, 0.07083333333333333, 0.07847222222222222, 0.05277777777777778, 0.05138888888888889, 0.04236111111111111]",0.0092411086128663,2.8253285152092458
SXPUSDT,2020-09-15-00:00,2020-09-16-00:00,second,"[0.1111111111111111, 0.13333333333333333, 0.11388888888888889, 0.10416666666666667, 0.09375, 0.08958333333333333, 0.09375, 0.0875, 0.0875, 0.08541666666666667]",0.0050610397270191,3.307009360437857
SXPUSDT,2020-09-16-00:00,2020-09-17-00:00,first,"[0.3064628214037526, 0.1646977067407922, 0.12786657400972898, 0.10284920083391244, 0.07088255733148019, 0.06740792216817235, 0.06740792216817235, 0.05142460041695622, 0.04100069492703266]",0.0054331192588169,2.872687860658564
SXPUSDT,2020-09-16-00:00,2020-09-17-00:00,second,"[0.113273106323836, 0.11466296038915914, 0.11813759555246699, 0.09937456567060458, 0.10215427380125087, 0.10562890896455872, 0.09798471160528145, 0.07366226546212648, 0.08617095205003475, 0.08895066018068103]",0.0058899964339406,3.3088235085073467
SXPUSDT,2020-09-17-00:00,2020-09-18-00:00,first,"[0.33217512161223073, 0.17164697706740792, 0.113273106323836, 0.09312022237665045, 0.07157748436414177, 0.07018763029881862, 0.056289089645587216, 0.043085476025017375, 0.048644892286309936]",0.0082829707426866,2.821993039493035
SXPUSDT,2020-09-17-00:00,2020-09-18-00:00,second,"[0.12230715774843641, 0.09867963863794302, 0.10979847116052814, 0.11118832522585129, 0.0965948575399583, 0.0945100764419736, 0.09312022237665045, 0.09381514940931203, 0.08200138985406533, 0.09798471160528145]",0.005382829197753,3.3135664136419423
SXPUSDT,2020-09-18-00:00,2020-09-19-00:00,first,"[0.3036831132731063, 0.18068102849200834, 0.12091730368311328, 0.10493398193189715, 0.059763724808895066, 0.06879777623349548, 0.056289089645587216, 0.059763724808895066, 0.045170257123002086]",0.0057175655408197,2.8649763703107833
SXPUSDT,2020-09-18-00:00,2020-09-19-00:00,second,"[0.11883252258512857, 0.113273106323836, 0.10493398193189715, 0.10493398193189715, 0.11466296038915914, 0.09867963863794302, 0.08686587908269632, 0.09589993050729674, 0.08269631688672689, 0.07922168172341904]",0.0045019047791662,3.3093823966512597
SXPUSDT,2020-09-19-00:00,2020-09-20-00:00,first,"[0.32379623168178645, 0.17306350314026517, 0.11653872993719469, 0.07745987438939288, 0.07536636427076064, 0.06559665038381018, 0.061409630146545706, 0.055826936496859735, 0.050942079553384506]",0.0080095382730782,2.849300724098969
SXPUSDT,2020-09-19-00:00,2020-09-20-00:00,second,"[0.13119330076762037, 0.10746685275645498, 0.11025819958129798, 0.09630146545708304, 0.08862526168876483, 0.09979064898813678, 0.10048848569434753, 0.08653175157013258, 0.0837404047452896, 0.09560362875087229]",0.0067568345073669,3.3098103816707747
SXPUSDT,2020-09-20-00:00,2020-09-21-00:00,first,"[0.303347280334728, 0.17712691771269176, 0.13179916317991633, 0.09065550906555091, 0.0899581589958159, 0.06555090655509066, 0.05439330543933055, 0.04602510460251046, 0.041143654114365415]",0.0046645072994588,2.856217259085189
SXPUSDT,2020-09-20-00:00,2020-09-21-00:00,second,"[0.11854951185495119, 0.10808926080892609, 0.10390516039051603, 0.09902370990237098, 0.09483960948396095, 0.100418410041841, 0.099721059972106, 0.09902370990237098, 0.08507670850767085, 0.09135285913528592]",0.0050229452277899,3.3165586325441403
SXPUSDT,2020-09-21-00:00,2020-09-22-00:00,first,"[0.28421052631578947, 0.17333333333333334, 0.15017543859649124, 0.10456140350877192, 0.06596491228070175, 0.06385964912280702, 0.061754385964912284, 0.047719298245614036, 0.04842105263157895]",0.0087364652326747,2.8867088790858837
SXPUSDT,2020-09-21-00:00,2020-09-22-00:00,second,"[0.11789473684210526, 0.09894736842105263, 0.11368421052631579, 0.10175438596491228, 0.10877192982456141, 0.09964912280701754, 0.10245614035087719, 0.09333333333333334, 0.08210526315789474, 0.08140350877192983]",0.0056722149428111,3.3123831322440944
SXPUSDT,2020-09-22-00:00,2020-09-23-00:00,first,"[0.32005590496156533, 0.15373864430468204, 0.116701607267645, 0.09713487071977638, 0.09154437456324249, 0.06009783368273934, 0.0573025856044724, 0.061495457721872815, 0.041928721174004195]",0.0093237401776473,2.8650121757786438
SXPUSDT,2020-09-22-00:00,2020-09-23-00:00,second,"[0.12858141160027953, 0.11041229909154437, 0.09853249475890985, 0.0992313067784766, 0.10272536687631027, 0.10272536687631027, 0.09084556254367575, 0.07756813417190776, 0.08455625436757512, 0.10482180293501048]",0.0074383779126871,3.309103909690031
SXPUSDT,2020-09-23-00:00,2020-09-24-00:00,first,"[0.3246844319775596, 0.15778401122019636, 0.10799438990182328, 0.09186535764375876, 0.07363253856942496, 0.06451612903225806, 0.0729312762973352, 0.05329593267882188, 0.05329593267882188]",0.010727915107292,2.8690187419109074
SXPUSDT,2020-09-23-00:00,2020-09-24-00:00,second,"[0.1241234221598878, 0.13394109396914447, 0.10308555399719495, 0.10168302945301542, 0.09607293127629733, 0.08274894810659186, 0.10518934081346423, 0.09396914446002805, 0.08835904628330996, 0.07082748948106592]",0.0081431794099792,3.299727830491881
SXPUSDT,2020-09-24-00:00,2020-09-25-00:00,first,"[0.2997218358831711, 0.17107093184979139, 0.11821974965229486, 0.1070931849791377, 0.08553546592489569, 0.059805285118219746, 0.05493741307371349, 0.05146036161335188, 0.0521557719054242]",0.0051652249686826,2.8850473156534076
SXPUSDT,2020-09-24-00:00,2020-09-25-00:00,second,"[0.10778859527121001, 0.10987482614742698, 0.10292072322670376, 0.11821974965229486, 0.10152990264255911, 0.10361613351877608, 0.10570236439499305, 0.0890125173852573, 0.08553546592489569, 0.07579972183588317]",0.0068756832249451,3.3110516801665835
SXPUSDT,2020-09-25-00:00,2020-09-26-00:00,first,"[0.3061797752808989, 0.1818820224719101, 0.10533707865168539, 0.10674157303370786, 0.08216292134831461, 0.060393258426966294, 0.05266853932584269, 0.05758426966292135, 0.047050561797752806]",0.0069952437360234,2.865698613021491
SXPUSDT,2020-09-25-00:00,2020-09-26-00:00,second,"[0.11306179775280899, 0.11376404494382023, 0.10393258426966293, 0.1172752808988764, 0.09199438202247191, 0.10112359550561797, 0.09058988764044944, 0.09831460674157304, 0.09691011235955056, 0.07303370786516854]",0.0069389513247742,3.310263845114524
SXPUSDT,2020-09-26-00:00,2020-09-27-00:00,first,"[0.2985386221294363, 0.1767571329157968, 0.11760612386917188, 0.08559498956158663, 0.08072372999304106, 0.07585247042449547, 0.054975643702157274, 0.05636743215031315, 0.05358385525400139]",0.0053678473323715,2.894784140873142
SXPUSDT,2020-09-26-00:00,2020-09-27-00:00,second,"[0.12178148921363953, 0.1057759220598469, 0.10647181628392484, 0.10299234516353514, 0.10160055671537926, 0.10299234516353514, 0.09116214335421016, 0.0953375086986778, 0.08698677800974251, 0.0848990953375087]",0.0029390407709691,3.314299010548401
SXPUSDT,2020-09-27-00:00,2020-09-28-00:00,first,"[0.3117606123869172, 0.1579679888656924, 0.116214335421016, 0.09951287404314545, 0.07654836464857341, 0.07933194154488518, 0.059846903270702856, 0.05358385525400139, 0.04523312456506611]",0.0066677597270962,2.8821526274687828
SXPUSDT,2020-09-27-00:00,2020-09-28-00:00,second,"[0.11064718162839249, 0.11482254697286012, 0.12734864300626306, 0.11203897007654837, 0.08907446068197634, 0.09812108559498957, 0.1057759220598469, 0.07724425887265135, 0.07654836464857341, 0.0883785664578984]",0.0088790495762662,3.3031125088599116
SXPUSDT,2020-09-28-00:00,2020-09-29-00:00,first,"[0.28313671061762663, 0.17626648160999306, 0.1297709923664122, 0.09437890353920889, 0.08049965301873699, 0.07009021512838307, 0.05759888965995836, 0.054823039555863984, 0.05343511450381679]",0.0046261004073178,2.9145657019876845
SXPUSDT,2020-09-28-00:00,2020-09-29-00:00,second,"[0.12630117973629423, 0.11034004163775156, 0.10756419153365718, 0.10895211658570438, 0.09646079111727966, 0.09507286606523248, 0.09784871616932686, 0.0784177654406662, 0.08952116585704371, 0.08952116585704371]",0.0044386747915965,3.3100381353625528
SXPUSDT,2020-09-29-00:00,2020-09-30-00:00,first,"[0.3102012491325468, 0.18875780707841777, 0.12005551700208189, 0.0936849410131853, 0.056210964607911175, 0.07009021512838307, 0.046495489243580844, 0.06662040249826509, 0.047883414295628035]",0.0094611179499797,2.8433910382099787
SXPUSDT,2020-09-29-00:00,2020-09-30-00:00,second,"[0.12144344205412907, 0.12560721721027066, 0.11311589174184594, 0.10201249132546843, 0.09923664122137404, 0.09437890353920889, 0.09576682859125607, 0.0784177654406662, 0.08049965301873699, 0.08952116585704371]",0.0049383173207743,3.305473752232079
SXPUSDT,2020-09-30-00:00,2020-10-01-00:00,first,"[0.2955493741307371, 0.1870653685674548, 0.12169680111265646, 0.09596662030598054, 0.07579972183588317, 0.06884561891515995, 0.059805285118219746, 0.04659248956884562, 0.048678720445062586]",0.003912779293609,2.87569828313805
SXPUSDT,2020-09-30-00:00,2020-10-01-00:00,second,"[0.13143254520166897, 0.12100139082058414, 0.11891515994436717, 0.09874826147426982, 0.09457579972183588, 0.09805285118219749, 0.08970792767732963, 0.08623087621696801, 0.07788595271210014, 0.08344923504867872]",0.0060667680673099,3.3016394585269633
SXPUSDT,2020-10-01-00:00,2020-10-02-00:00,first,"[0.2978427279053584, 0.18580375782881003, 0.1266527487821851, 0.09672929714683368, 0.08907446068197634, 0.055671537926235214, 0.05706332637439109, 0.04732080723729993, 0.04384133611691023]",0.0047377167958589,2.859690040319419
SXPUSDT,2020-10-01-00:00,2020-10-02-00:00,second,"[0.11551844119693806, 0.1336116910229645, 0.11760612386917188, 0.081419624217119, 0.1057759220598469, 0.081419624217119, 0.0918580375782881, 0.0883785664578984, 0.0918580375782881, 0.09255393180236604]",0.0091636992030879,3.302829131737756
SXPUSDT,2020-10-02-00:00,2020-10-03-00:00,first,"[0.2948539638386648, 0.16411682892906815, 0.12795549374130738, 0.09944367176634214, 0.09318497913769123, 0.057719054242002785, 0.057719054242002785, 0.055632823365785816, 0.04937413073713491]",0.0061446866836053,2.8983056630410062
SXPUSDT,2020-10-02-00:00,2020-10-03-00:00,second,"[0.14464534075104313, 0.1105702364394993, 0.09596662030598054, 0.09735744089012517, 0.09735744089012517, 0.0890125173852573, 0.09666203059805285, 0.08205841446453407, 0.10083449235048679, 0.08553546592489569]",0.0084111839216015,3.3032580701849907
SXPUSDT,2020-10-03-00:00,2020-10-04-00:00,first,"[0.3167832167832168, 0.15664335664335666, 0.13006993006993006, 0.08391608391608392, 0.08531468531468532, 0.07482517482517483, 0.056643356643356645, 0.05244755244755245, 0.043356643356643354]",0.0080425042317019,2.8638416564116325
SXPUSDT,2020-10-03-00:00,2020-10-04-00:00,second,"[0.12517482517482517, 0.1258741258741259, 0.10979020979020979, 0.0958041958041958, 0.1020979020979021, 0.1041958041958042, 0.0993006993006993, 0.08811188811188811, 0.07832167832167833, 0.07132867132867132]",0.0067365043141365,3.300956475694588
SXPUSDT,2020-10-04-00:00,2020-10-05-00:00,first,"[0.3114754098360656, 0.17605131860299358, 0.11974340698503208, 0.08909479686386315, 0.07555238774055595, 0.06557377049180328, 0.06699928724162509, 0.047042052744119746, 0.048467569493941556]",0.0049250740820642,2.8624560489555426
SXPUSDT,2020-10-04-00:00,2020-10-05-00:00,second,"[0.1247327156094084, 0.0947968638631504, 0.11190306486101212, 0.0962223806129722, 0.11903064861012116, 0.0955096222380613, 0.08909479686386315, 0.09337134711332858, 0.09337134711332858, 0.08196721311475409]",0.0071356221177531,3.3099045267782405
SXPUSDT,2020-10-05-00:00,2020-10-06-00:00,first,"[0.31058990760483296, 0.17199715707178392, 0.12722103766879886, 0.09879175550817342, 0.06965174129353234, 0.07107320540156362, 0.058990760483297794, 0.042643923240938165, 0.04904051172707889]",0.0049182679876517,2.856204257452706
SXPUSDT,2020-10-05-00:00,2020-10-06-00:00,second,"[0.13290689410092396, 0.09737029140014215, 0.09381663113006397, 0.1122956645344705, 0.10874200426439233, 0.10092395167022032, 0.09097370291400142, 0.10376687988628287, 0.08386638237384506, 0.07533759772565743]",0.0094578276577889,3.3054376680777566
SXPUSDT,2020-10-06-00:00,2020-10-07-00:00,first,"[0.3119266055045872, 0.1863091037402964, 0.12985179957657023, 0.08115737473535639, 0.06633733239237827, 0.05857445306986592, 0.05998588567395907, 0.05716302046577276, 0.048694424841213835]",0.008215308553043,2.8436320692290393
SXPUSDT,2020-10-06-00:00,2020-10-07-00:00,second,"[0.13761467889908258, 0.1122088920254058, 0.11291460832745237, 0.11079745942131264, 0.08609738884968243, 0.08468595624558928, 0.09880028228652082, 0.08680310515172901, 0.0903316866619619, 0.07974594213126324]",0.0073367196802168,3.3013497240986944
SXPUSDT,2020-10-07-00:00,2020-10-08-00:00,first,"[0.3004172461752434, 0.18219749652294853, 0.1133518776077886, 0.10917941585535466, 0.06606397774687066, 0.0674547983310153, 0.06815020862308763, 0.05354659248956885, 0.039638386648122394]",0.0069857734894569,2.8698527854039284
SXPUSDT,2020-10-07-00:00,2020-10-08-00:00,second,"[0.10570236439499305, 0.10083449235048679, 0.11961057023643949, 0.10361613351877608, 0.1043115438108484, 0.10639777468706536, 0.08414464534075104, 0.09666203059805285, 0.09457579972183588, 0.08414464534075104]",0.0075657478260734,3.3144367991745995
SXPUSDT,2020-10-08-00:00,2020-10-09-00:00,first,"[0.28212290502793297, 0.16829608938547486, 0.12988826815642457, 0.10335195530726257, 0.08519553072625698, 0.07751396648044692, 0.05377094972067039, 0.05377094972067039, 0.046089385474860335]",0.0068718350140602,2.9154137789859527
SXPUSDT,2020-10-08-00:00,2020-10-09-00:00,second,"[0.13128491620111732, 0.10754189944134078, 0.09986033519553073, 0.10544692737430168, 0.0893854748603352, 0.1005586592178771, 0.09287709497206705, 0.09008379888268156, 0.08729050279329609, 0.09567039106145252]",0.0054554954333787,3.311586685639179
SXPUSDT,2020-10-09-00:00,2020-10-10-00:00,first,"[0.3147632311977716, 0.1775766016713092, 0.12186629526462396, 0.09401114206128133, 0.0786908077994429, 0.06545961002785515, 0.054317548746518104, 0.05153203342618384, 0.04178272980501393]",0.0034662420284935,2.844665242556954
SXPUSDT,2020-10-09-00:00,2020-10-10-00:00,second,"[0.12743732590529247, 0.10445682451253482, 0.10167130919220056, 0.10793871866295264, 0.10724233983286909, 0.09192200557103064, 0.09818941504178273, 0.09610027855153204, 0.08635097493036212, 0.0786908077994429]",0.0057728643692739,3.3103968761759845
SXPUSDT,2020-10-10-00:00,2020-10-11-00:00,first,"[0.3017421602787456, 0.15609756097560976, 0.11707317073170732, 0.09198606271777003, 0.08850174216027874, 0.07317073170731707, 0.06341463414634146, 0.06132404181184669, 0.046689895470383276]",0.0072851587215445,2.9101426798671866
SXPUSDT,2020-10-10-00:00,2020-10-11-00:00,second,"[0.12473867595818815, 0.12473867595818815, 0.11010452961672473, 0.11149825783972125, 0.08850174216027874, 0.10174216027874565, 0.08501742160278745, 0.09128919860627177, 0.07386759581881533, 0.08850174216027874]",0.0067732464095191,3.3024168095359046
SXPUSDT,2020-10-11-00:00,2020-10-12-00:00,first,"[0.2958041958041958, 0.17062937062937064, 0.13286713286713286, 0.08951048951048951, 0.07832167832167833, 0.07132867132867132, 0.05804195804195804, 0.056643356643356645, 0.04685314685314685]",0.0042103954465798,2.8930322493121667
SXPUSDT,2020-10-11-00:00,2020-10-12-00:00,second,"[0.12097902097902098, 0.13986013986013987, 0.11048951048951049, 0.1020979020979021, 0.09230769230769231, 0.0972027972027972, 0.08881118881118881, 0.0951048951048951, 0.07832167832167833, 0.07482517482517483]",0.0068432535108984,3.29768396421545
SXPUSDT,2020-10-12-00:00,2020-10-13-00:00,first,"[0.2764623955431755, 0.18454038997214484, 0.1392757660167131, 0.0967966573816156, 0.06685236768802229, 0.06754874651810584, 0.05362116991643454, 0.06406685236768803, 0.05083565459610028]",0.0091956913706891,2.9072492203940525
SXPUSDT,2020-10-12-00:00,2020-10-13-00:00,second,"[0.11002785515320335, 0.12813370473537605, 0.09401114206128133, 0.100974930362117, 0.0988857938718663, 0.0967966573816156, 0.08983286908077995, 0.100974930362117, 0.09749303621169916, 0.08286908077994429]",0.0069817893264928,3.312558242690434
SXPUSDT,2020-10-13-00:00,2020-10-14-00:00,first,"[0.28631284916201116, 0.17318435754189945, 0.12220670391061453, 0.10963687150837989, 0.08030726256983241, 0.07332402234636871, 0.05865921787709497, 0.04818435754189944, 0.04818435754189944]",0.0051831656930931,2.9051823263688865
SXPUSDT,2020-10-13-00:00,2020-10-14-00:00,second,"[0.11173184357541899, 0.1270949720670391, 0.11173184357541899, 0.11173184357541899, 0.09217877094972067, 0.10544692737430168, 0.08798882681564246, 0.08519553072625698, 0.08449720670391062, 0.0824022346368715]",0.0064574376291664,3.3065638173940863
SXPUSDT,2020-10-14-00:00,2020-10-15-00:00,first,"[0.2706713780918728, 0.18515901060070672, 0.11590106007067137, 0.11519434628975266, 0.08197879858657244, 0.0685512367491166, 0.058657243816254416, 0.06148409893992933, 0.04240282685512368]",0.0095002128478418,2.921969375895077
SXPUSDT,2020-10-14-00:00,2020-10-15-00:00,second,"[0.12084805653710247, 0.0989399293286219, 0.09257950530035336, 0.103886925795053, 0.10954063604240283, 0.1010600706713781, 0.08975265017667844, 0.09328621908127209, 0.09540636042402827, 0.09469964664310954]",0.0070513775652707,3.316344238506852
SXPUSDT,2020-10-15-00:00,2020-10-16-00:00,first,"[0.2984441301272984, 0.17326732673267325, 0.12517680339462517, 0.11244695898161244, 0.08345120226308345, 0.060113154172560114, 0.06577086280056577, 0.04809052333804809, 0.03323903818953324]",0.0061830855107153,2.863444938749791
SXPUSDT,2020-10-15-00:00,2020-10-16-00:00,second,"[0.1364922206506365, 0.1181046676096181, 0.11103253182461104, 0.0983026874115983, 0.0891089108910891, 0.08557284299858557, 0.0983026874115983, 0.086987270155587, 0.09193776520509193, 0.08415841584158416]",0.0065068424659425,3.3040501130241706
SXPUSDT,2020-10-16-00:00,2020-10-17-00:00,first,"[0.2820874471086037, 0.1861777150916784, 0.1311706629055007, 0.1008462623413258, 0.08603667136812412, 0.059943582510578276, 0.05853314527503526, 0.05007052186177715, 0.045133991537376586]",0.0061447233965144,2.890293321832656
SXPUSDT,2020-10-16-00:00,2020-10-17-00:00,second,"[0.12059238363892807, 0.09520451339915374, 0.09449929478138223, 0.1008462623413258, 0.10225669957686882, 0.10225669957686882, 0.09732016925246827, 0.10366713681241185, 0.08956276445698166, 0.09379407616361073]",0.0072982184244324,3.3173443536990446
SXPUSDT,2020-10-17-00:00,2020-10-18-00:00,first,"[0.3050969131371141, 0.18808327351040918, 0.12562814070351758, 0.1048097631012204, 0.06963388370423547, 0.05671213208901651, 0.05599425699928212, 0.05025125628140704, 0.04379038047379756]",0.0054773524702761,2.8427447031163386
SXPUSDT,2020-10-17-00:00,2020-10-18-00:00,second,"[0.13352476669059585, 0.12778176597272076, 0.10337401292175162, 0.11342426417803302, 0.10337401292175162, 0.09188801148600144, 0.0882986360373295, 0.08470926058865758, 0.08255563531945441, 0.07106963388370424]",0.007979535052025,3.2957249313784325
SXPUSDT,2020-10-18-00:00,2020-10-19-00:00,first,"[0.30971512052593136, 0.1789627465303141, 0.127100073046019, 0.09715120525931337, 0.06501095690284879, 0.0620891161431702, 0.053323593864134405, 0.04967129291453616, 0.05697589481373265]",0.0055950100619147,2.8544481162162656
SXPUSDT,2020-10-18-00:00,2020-10-19-00:00,second,"[0.1095690284879474, 0.1095690284879474, 0.1110299488677867, 0.10883856829802775, 0.09276844411979547, 0.09130752373995617, 0.09569028487947406, 0.10007304601899196, 0.09130752373995617, 0.08984660336011688]",0.0054681570477385,3.316836740132726
SXPUSDT,2020-10-19-00:00,2020-10-20-00:00,first,"[0.325309992706054, 0.175054704595186, 0.11670313639679067, 0.09336250911743253, 0.07221006564551423, 0.06710430342815463, 0.05324580598103574, 0.05324580598103574, 0.0437636761487965]",0.0058957320829485,2.8316872393163535
SXPUSDT,2020-10-19-00:00,2020-10-20-00:00,second,"[0.13566739606126915, 0.10576221735959154, 0.11159737417943107, 0.11013858497447118, 0.08825674690007294, 0.10065645514223195, 0.10357403355215171, 0.09190371991247265, 0.07804522246535375, 0.07439824945295405]",0.0080606550267434,3.3012212051660934
SXPUSDT,2020-10-20-00:00,2020-10-21-00:00,first,"[0.3124087591240876, 0.16715328467153284, 0.12043795620437957, 0.10145985401459855, 0.08686131386861314, 0.052554744525547446, 0.06934306569343066, 0.049635036496350364, 0.040145985401459854]",0.0077688424451957,2.8562536331100574
SXPUSDT,2020-10-20-00:00,2020-10-21-00:00,second,"[0.13576642335766423, 0.11605839416058394, 0.11313868613138686, 0.10510948905109489, 0.09343065693430656, 0.08175182481751825, 0.08905109489051095, 0.09708029197080292, 0.07591240875912408, 0.0927007299270073]",0.0075568484060679,3.301686186561008
SXPUSDT,2020-10-21-00:00,2020-10-22-00:00,first,"[0.2812281926029309, 0.19120725750174458, 0.12421493370551291, 0.11444521981856245, 0.07536636427076064, 0.0642009769713887, 0.06559665038381018, 0.05443126308443824, 0.02930914166085136]",0.0096743665110555,2.8738223382440715
SXPUSDT,2020-10-21-00:00,2020-10-22-00:00,second,"[0.12002791346824843, 0.0942079553384508, 0.10258199581297976, 0.10886252616887648, 0.0942079553384508, 0.10048848569434753, 0.09699930216329379, 0.10048848569434753, 0.09979064898813678, 0.08234473133286811]",0.0069349037831173,3.3156553992489552
SXPUSDT,2020-10-22-00:00,2020-10-23-00:00,first,"[0.29411764705882354, 0.19607843137254902, 0.12254901960784313, 0.0861344537815126, 0.08123249299719888, 0.06722689075630252, 0.05182072829131653, 0.06022408963585434, 0.04061624649859944]",0.006975575017912,2.865160514677491
SXPUSDT,2020-10-22-00:00,2020-10-23-00:00,second,"[0.12044817927170869, 0.12254901960784313, 0.09173669467787114, 0.09733893557422969, 0.09523809523809523, 0.10994397759103641, 0.09593837535014006, 0.08893557422969188, 0.0784313725490196, 0.09943977591036414]",0.0079401264167208,3.309596579504452
SXPUSDT,2020-10-23-00:00,2020-10-24-00:00,first,"[0.29689703808180534, 0.17983074753173484, 0.12623413258110014, 0.09026798307475317, 0.08815232722143865, 0.06276445698166432, 0.05923836389280677, 0.047954866008462625, 0.04866008462623413]",0.0040344392451881,2.8788388836604146
SXPUSDT,2020-10-23-00:00,2020-10-24-00:00,second,"[0.1156558533145275, 0.11001410437235543, 0.09873060648801128, 0.11777150916784203, 0.10366713681241185, 0.09802538787023977, 0.09661495063469676, 0.08603667136812412, 0.08956276445698166, 0.08392101551480959]",0.0046763922558826,3.3129064311204566
SXPUSDT,2020-10-24-00:00,2020-10-25-00:00,first,"[0.2871646120377085, 0.17186366932559827, 0.1319796954314721, 0.10297316896301668, 0.08556925308194344, 0.06671501087744743, 0.05438723712835388, 0.05148658448150834, 0.047860768672951415]",0.0048732137686342,2.8996147720013887
SXPUSDT,2020-10-24-00:00,2020-10-25-00:00,second,"[0.11747643219724438, 0.10732414793328499, 0.10877447425670776, 0.11094996374184192, 0.09499637418419145, 0.09064539521392313, 0.08992023205221175, 0.09717186366932559, 0.0877447425670776, 0.09499637418419145]",0.004722797805064,3.315123529192106
SXPUSDT,2020-10-25-00:00,2020-10-26-00:00,first,"[0.3113207547169811, 0.16981132075471697, 0.14223512336719885, 0.10087082728592163, 0.07619738751814223, 0.06966618287373004, 0.054426705370101594, 0.03555878084179971, 0.03991291727140784]",0.0076149674073068,2.828487787332857
SXPUSDT,2020-10-25-00:00,2020-10-26-00:00,second,"[0.12917271407837447, 0.10667634252539913, 0.10957910014513789, 0.0965166908563135, 0.10377358490566038, 0.10087082728592163, 0.09288824383164006, 0.08490566037735849, 0.09071117561683599, 0.08490566037735849]",0.0042102285561556,3.310677404057076
SXPUSDT,2020-10-26-00:00,2020-10-27-00:00,first,"[0.31788559015206375, 0.17089065894279507, 0.13758146270818247, 0.0890658942795076, 0.07458363504706735, 0.05358435916002897, 0.056480811006517015, 0.05503258508327299, 0.04489500362056481]",0.0074174184941903,2.8365992639623294
SXPUSDT,2020-10-26-00:00,2020-10-27-00:00,second,"[0.11803041274438812, 0.10499637943519188, 0.11440984793627806, 0.10499637943519188, 0.11875452570601014, 0.08616944243301955, 0.08689355539464157, 0.0890658942795076, 0.0890658942795076, 0.08761766835626358]",0.00576352971453,3.309844152017869
SXPUSDT,2020-10-27-00:00,2020-10-28-00:00,first,"[0.3230119634060521, 0.16045038705137227, 0.11893033075299085, 0.11048557353976073, 0.07952146375791697, 0.06263194933145672, 0.05277973258268825, 0.047149894440534836, 0.045038705137227304]",0.0079772768853482,2.8406347598473114
SXPUSDT,2020-10-27-00:00,2020-10-28-00:00,second,"[0.1203377902885292, 0.11681914144968332, 0.1055594651653765, 0.11189303307529909, 0.09781843771991555, 0.10133708655876143, 0.08022519352568613, 0.09007741027445461, 0.08304011259676285, 0.09289232934553132]",0.0047411721244785,3.3096057628003264
SXPUSDT,2020-10-28-00:00,2020-10-29-00:00,first,"[0.2902097902097902, 0.17132867132867133, 0.11888111888111888, 0.1041958041958042, 0.08601398601398601, 0.07062937062937064, 0.05174825174825175, 0.05804195804195804, 0.04895104895104895]",0.0061964680306259,2.9062353309005267
SXPUSDT,2020-10-28-00:00,2020-10-29-00:00,second,"[0.12937062937062938, 0.12097902097902098, 0.1041958041958042, 0.0958041958041958, 0.1055944055944056, 0.0986013986013986, 0.07972027972027972, 0.0972027972027972, 0.08111888111888112, 0.08741258741258741]",0.0066513375518408,3.305582846659913
SXPUSDT,2020-10-29-00:00,2020-10-30-00:00,first,"[0.28641801548205487, 0.15552427867698804, 0.11963406052076003, 0.11189303307529909, 0.08304011259676285, 0.07389162561576355, 0.061224489795918366, 0.055594651653764954, 0.05277973258268825]",0.0089963636995909,2.932542121813398
SXPUSDT,2020-10-29-00:00,2020-10-30-00:00,second,"[0.12456016889514426, 0.1203377902885292, 0.09852216748768473, 0.11118930330752991, 0.10978184377199156, 0.09852216748768473, 0.08374384236453201, 0.07741027445460943, 0.08726249120337791, 0.08866995073891626]",0.006635900425361,3.305323628349337
SXPUSDT,2020-10-30-00:00,2020-10-31-00:00,first,"[0.28850174216027874, 0.17073170731707318, 0.14285714285714285, 0.09547038327526132, 0.07665505226480836, 0.06898954703832752, 0.05853658536585366, 0.05714285714285714, 0.04111498257839721]",0.0058880303867111,2.8924730334762208
SXPUSDT,2020-10-30-00:00,2020-10-31-00:00,second,"[0.12055749128919861, 0.12334494773519164, 0.09686411149825784, 0.1073170731707317, 0.09965156794425087, 0.09268292682926829, 0.08222996515679443, 0.10104529616724739, 0.08153310104529617, 0.09477351916376307]",0.006758010792688,3.309305207151509
SXPUSDT,2020-10-31-00:00,2020-11-01-00:00,first,"[0.293408929836995, 0.19418851878100638, 0.1346562721474132, 0.10276399716513111, 0.060240963855421686, 0.06236711552090716, 0.05244507441530829, 0.04677533664068037, 0.05315379163713678]",0.0091255734439943,2.853612868271163
SXPUSDT,2020-10-31-00:00,2020-11-01-00:00,second,"[0.1261516654854713, 0.10772501771793054, 0.11410347271438696, 0.10772501771793054, 0.08362863217576187, 0.09780297661233169, 0.10134656272147413, 0.09284195605953224, 0.08646350106307583, 0.08221119773210489]",0.0053474725245632,3.308872115252407
SXPUSDT,2020-11-01-00:00,2020-11-02-00:00,first,"[0.29504504504504503, 0.20495495495495494, 0.12762762762762764, 0.09834834834834835, 0.07207207207207207, 0.060810810810810814, 0.044294294294294295, 0.04279279279279279, 0.05405405405405406]",0.0091749968338382,2.836741283490152
SXPUSDT,2020-11-01-00:00,2020-11-02-00:00,second,"[0.10885885885885886, 0.1111111111111111, 0.09984984984984985, 0.11711711711711711, 0.1036036036036036, 0.09759759759759759, 0.09984984984984985, 0.08858858858858859, 0.07582582582582582, 0.09759759759759759]",0.0072157359248352,3.3127589705573803
SXPUSDT,2020-11-02-00:00,2020-11-03-00:00,first,"[0.31552706552706555, 0.16951566951566951, 0.1274928774928775, 0.09472934472934473, 0.07051282051282051, 0.07621082621082621, 0.054843304843304845, 0.04843304843304843, 0.042735042735042736]",0.0058478327395277,2.848522290919255
SXPUSDT,2020-11-02-00:00,2020-11-03-00:00,second,"[0.12037037037037036, 0.1282051282051282, 0.09544159544159544, 0.09472934472934473, 0.10185185185185185, 0.09757834757834757, 0.0933048433048433, 0.09544159544159544, 0.0876068376068376, 0.08547008547008547]",0.004610002308744,3.3101896032166485
SXPUSDT,2020-11-03-00:00,2020-11-04-00:00,first,"[0.3238231098430813, 0.181169757489301, 0.12838801711840228, 0.09629101283880172, 0.07346647646219687, 0.05777460770328103, 0.0449358059914408, 0.05349500713266762, 0.04065620542082739]",0.0074807506240241,2.8079605349235965
SXPUSDT,2020-11-03-00:00,2020-11-04-00:00,second,"[0.12196861626248216, 0.11697574893009986, 0.10413694721825963, 0.11269614835948645, 0.10342368045649072, 0.0920114122681883, 0.09272467902995721, 0.0898716119828816, 0.08701854493580599, 0.07917261055634807]",0.0033714119011166,3.3091098715175375
SXPUSDT,2020-11-04-00:00,2020-11-05-00:00,first,"[0.2808664259927798, 0.1711191335740072, 0.14151624548736463, 0.10974729241877257, 0.07436823104693141, 0.06425992779783393, 0.06353790613718412, 0.04909747292418772, 0.04548736462093863]",0.0077690549887284,2.901658109196476
SXPUSDT,2020-11-04-00:00,2020-11-05-00:00,second,"[0.1263537906137184, 0.11046931407942238, 0.11191335740072202, 0.09386281588447654, 0.08664259927797834, 0.08953068592057761, 0.11624548736462094, 0.09386281588447654, 0.08375451263537906, 0.08736462093862817]",0.007703045497889,3.3078072449148825
SXPUSDT,2020-11-05-00:00,2020-11-06-00:00,first,"[0.30994989262705797, 0.15819613457408732, 0.1224051539012169, 0.09878310665712241, 0.07945597709377238, 0.06299212598425197, 0.0658554044380816, 0.04581245526127416, 0.05654974946313529]",0.0066052084491434,2.883590324485173
SXPUSDT,2020-11-05-00:00,2020-11-06-00:00,second,"[0.11811023622047244, 0.11023622047244094, 0.11381531853972798, 0.11095204008589836, 0.09520400858983537, 0.10522548317823908, 0.08732999284180387, 0.10522548317823908, 0.06657122405153901, 0.08732999284180387]",0.0074741362915645,3.3046847532067183
SXPUSDT,2020-11-06-00:00,2020-11-07-00:00,first,"[0.31955150665732307, 0.18220042046250876, 0.11142256482130343, 0.10371408549404344, 0.07358093903293624, 0.0539593552908199, 0.04835318850735809, 0.0539593552908199, 0.053258584442887176]",0.0092761492470682,2.8335190581504786
SXPUSDT,2020-11-06-00:00,2020-11-07-00:00,second,"[0.12613875262789068, 0.12613875262789068, 0.10161177295024527, 0.09250175192711983, 0.09810791871058164, 0.09390329362298529, 0.09390329362298529, 0.09039943938332165, 0.09110021023125438, 0.0861948142957253]",0.0048023520190875,3.3091053603999625
SXPUSDT,2020-11-07-00:00,2020-11-08-00:00,first,"[0.3191933240611961, 0.17663421418636996, 0.12308762169680111, 0.09388038942976357, 0.07719054242002782, 0.06675938803894298, 0.05493741307371349, 0.04033379694019471, 0.04798331015299027]",0.0046515784711597,2.833041749306615
SXPUSDT,2020-11-07-00:00,2020-11-08-00:00,second,"[0.12656467315716272, 0.11613351877607789, 0.10500695410292073, 0.10361613351877608, 0.0952712100139082, 0.0917941585535466, 0.0890125173852573, 0.1043115438108484, 0.0917941585535466, 0.07649513212795549]",0.0054624958889467,3.308641227835267
SXPUSDT,2020-11-08-00:00,2020-11-09-00:00,first,"[0.2951388888888889, 0.16805555555555557, 0.12222222222222222, 0.09930555555555555, 0.09375, 0.07152777777777777, 0.05694444444444444, 0.050694444444444445, 0.04236111111111111]",0.0047878410326753,2.892597434999417
SXPUSDT,2020-11-08-00:00,2020-11-09-00:00,second,"[0.11180555555555556, 0.11458333333333333, 0.10902777777777778, 0.09305555555555556, 0.10625, 0.10625, 0.09236111111111112, 0.08055555555555556, 0.08541666666666667, 0.10069444444444445]",0.0064222326029793,3.3130424482368688
SXPUSDT,2020-11-09-00:00,2020-11-10-00:00,first,"[0.3198887343532684, 0.17941585535465926, 0.1258692628650904, 0.08762169680111266, 0.07232267037552156, 0.0737134909596662, 0.0584144645340751, 0.04381084840055633, 0.03894297635605007]",0.0067340178067771,2.8256115873821557
SXPUSDT,2020-11-09-00:00,2020-11-10-00:00,second,"[0.13004172461752433, 0.1105702364394993, 0.11474269819193324, 0.09735744089012517, 0.10292072322670376, 0.1043115438108484, 0.09109874826147427, 0.08136300417246176, 0.09040333796940195, 0.07719054242002782]",0.0058727537130518,3.305438081753104
SXPUSDT,2020-11-10-00:00,2020-11-11-00:00,first,"[0.3066759388038943, 0.1627260083449235, 0.11961057023643949, 0.09040333796940195, 0.08623087621696801, 0.07440890125173853, 0.0674547983310153, 0.05285118219749652, 0.039638386648122394]",0.00695982134085,2.884089446997022
SXPUSDT,2020-11-10-00:00,2020-11-11-00:00,second,"[0.1286509040333797, 0.09666203059805285, 0.11196105702364395, 0.12447844228094576, 0.09805285118219749, 0.09388038942976357, 0.0890125173852573, 0.08623087621696801, 0.09109874826147427, 0.0799721835883171]",0.0071577540374467,3.305080242324615
SXPUSDT,2020-11-11-00:00,2020-11-12-00:00,first,"[0.30020847810979845, 0.18971507991660877, 0.11883252258512857, 0.0965948575399583, 0.07505211952744961, 0.07018763029881862, 0.05211952744961779, 0.05211952744961779, 0.045170257123002086]",0.0039625925625265,2.8624953444452244
SXPUSDT,2020-11-11-00:00,2020-11-12-00:00,second,"[0.12230715774843641, 0.11396803335649756, 0.10910354412786658, 0.10493398193189715, 0.10006949270326616, 0.09312022237665045, 0.08964558721334259, 0.0945100764419736, 0.0847810979847116, 0.08756080611535788]",0.0020627654307657,3.3121790862719562
SXPUSDT,2020-11-12-00:00,2020-11-13-00:00,first,"[0.302945301542777, 0.1788218793828892, 0.12272089761570827, 0.09957924263674614, 0.09186535764375876, 0.06521739130434782, 0.05539971949509116, 0.04067321178120617, 0.042776998597475455]",0.0044442816512949,2.855770678840011
SXPUSDT,2020-11-12-00:00,2020-11-13-00:00,second,"[0.11640953716690042, 0.11991584852734923, 0.10238429172510519, 0.1276297335203366, 0.09046283309957924, 0.09256661991584852, 0.08415147265077139, 0.08906030855539972, 0.08485273492286115, 0.09256661991584852]",0.0073790372534652,3.3062414518399135
SXPUSDT,2020-11-13-00:00,2020-11-14-00:00,first,"[0.31683168316831684, 0.19165487977369167, 0.12871287128712872, 0.08981612446958982, 0.07284299858557285, 0.057284299858557285, 0.04738330975954738, 0.05233380480905234, 0.04314002828854314]",0.0080712722806324,2.8136011417492797
SXPUSDT,2020-11-13-00:00,2020-11-14-00:00,second,"[0.1272984441301273, 0.10961810466760961, 0.11244695898161244, 0.11173974540311174, 0.10396039603960396, 0.08981612446958982, 0.08132956152758133, 0.09618104667609619, 0.08557284299858557, 0.08203677510608204]",0.005627214372004,3.3065650415960137
SXPUSDT,2020-11-14-00:00,2020-11-15-00:00,first,"[0.2816011235955056, 0.1973314606741573, 0.13553370786516855, 0.10112359550561797, 0.0723314606741573, 0.06741573033707865, 0.056179775280898875, 0.047752808988764044, 0.04073033707865169]",0.0081150435731937,2.8693088479092
SXPUSDT,2020-11-14-00:00,2020-11-15-00:00,second,"[0.13834269662921347, 0.10042134831460674, 0.10533707865168539, 0.11446629213483146, 0.08637640449438203, 0.10182584269662921, 0.09691011235955056, 0.07865168539325842, 0.09339887640449439, 0.08426966292134831]",0.0086625932465317,3.3035656176126933
SXPUSDT,2020-11-15-00:00,2020-11-16-00:00,first,"[0.29575504523312457, 0.18928322894919972, 0.1266527487821851, 0.09116214335421016, 0.06958942240779402, 0.05845511482254697, 0.05288796102992345, 0.061934585942936674, 0.054279749478079335]",0.0076022898845251,2.8749390293639627
SXPUSDT,2020-11-15-00:00,2020-11-16-00:00,second,"[0.11412665274878218, 0.1350034794711204, 0.11343075852470424, 0.1057759220598469, 0.09255393180236604, 0.09672929714683368, 0.09881697981906751, 0.07654836464857341, 0.08420320111343076, 0.08281141266527488]",0.0065326605584379,3.3021261214356015
SXPUSDT,2020-11-16-00:00,2020-11-17-00:00,first,"[0.31805555555555554, 0.17430555555555555, 0.12013888888888889, 0.10069444444444445, 0.07569444444444444, 0.059027777777777776, 0.058333333333333334, 0.04583333333333333, 0.04791666666666667]",0.0051801230643556,2.841579865562647
SXPUSDT,2020-11-16-00:00,2020-11-17-00:00,second,"[0.10555555555555556, 0.11597222222222223, 0.10069444444444445, 0.10555555555555556, 0.12083333333333333, 0.08819444444444445, 0.10486111111111111, 0.09513888888888888, 0.08680555555555555, 0.0763888888888889]",0.0080213040304752,3.309719320250453
SXPUSDT,2020-11-17-00:00,2020-11-18-00:00,first,"[0.2847222222222222, 0.18333333333333332, 0.12638888888888888, 0.10486111111111111, 0.08194444444444444, 0.07083333333333333, 0.05416666666666667, 0.05, 0.04375]",0.0051762370579634,2.890791636938355
SXPUSDT,2020-11-17-00:00,2020-11-18-00:00,second,"[0.12638888888888888, 0.1111111111111111, 0.10555555555555556, 0.10902777777777778, 0.10208333333333333, 0.09236111111111112, 0.07847222222222222, 0.09513888888888888, 0.09375, 0.08611111111111111]",0.0050527147996846,3.3096496073446073
SXPUSDT,2020-11-18-00:00,2020-11-19-00:00,first,"[0.30625, 0.18541666666666667, 0.11666666666666667, 0.10208333333333333, 0.0798611111111111, 0.06041666666666667, 0.05625, 0.05, 0.043055555555555555]",0.0045330216301705,2.852144065810126
SXPUSDT,2020-11-18-00:00,2020-11-19-00:00,second,"[0.11666666666666667, 0.10486111111111111, 0.09861111111111111, 0.11875, 0.10694444444444444, 0.08888888888888889, 0.10277777777777777, 0.08402777777777778, 0.09166666666666666, 0.08680555555555555]",0.0072729081052631,3.3123565337543455
SXPUSDT,2020-11-19-00:00,2020-11-20-00:00,first,"[0.3055944055944056, 0.17552447552447553, 0.12797202797202797, 0.1055944055944056, 0.09020979020979021, 0.05524475524475524, 0.057342657342657345, 0.03986013986013986, 0.04265734265734266]",0.0060690306761482,2.84516552670738
SXPUSDT,2020-11-19-00:00,2020-11-20-00:00,second,"[0.13076923076923078, 0.11818181818181818, 0.10139860139860139, 0.0937062937062937, 0.09020979020979021, 0.11188811188811189, 0.09230769230769231, 0.0986013986013986, 0.07202797202797202, 0.09090909090909091]",0.008950740243119,3.304126981404998
SXPUSDT,2020-11-20-00:00,2020-11-21-00:00,first,"[0.30580825752274315, 0.18754373687893633, 0.12736179146256124, 0.09237228831350595, 0.07907627711686493, 0.05878236529041288, 0.06018194541637509, 0.04478656403079076, 0.044086773967809655]",0.004631953994437,2.8446854146457605
SXPUSDT,2020-11-20-00:00,2020-11-21-00:00,second,"[0.11966410076976906, 0.099370188943317, 0.10776766969909027, 0.099370188943317, 0.10776766969909027, 0.1000699790062981, 0.0979706088173548, 0.09307207837648705, 0.09517144856543037, 0.07977606717984605]",0.0051539135526515,3.3147234327284703
SXPUSDT,2020-11-21-00:00,2020-11-22-00:00,first,"[0.3103688239387613, 0.15727209464161448, 0.13569937369519833, 0.09255393180236604, 0.08420320111343076, 0.05845511482254697, 0.06471816283924843, 0.04662491301322199, 0.05010438413361169]",0.0080432288582183,2.870691781047227
SXPUSDT,2020-11-21-00:00,2020-11-22-00:00,second,"[0.12038970076548365, 0.11064718162839249, 0.10368823938761308, 0.11482254697286012, 0.10716771050800278, 0.09324982602644398, 0.0953375086986778, 0.09324982602644398, 0.08559498956158663, 0.07585247042449547]",0.0045847073646818,3.30935433295456
SXPUSDT,2020-11-22-00:00,2020-11-23-00:00,first,"[0.3199167244968772, 0.17557251908396945, 0.12630117973629423, 0.10201249132546843, 0.06731436502428868, 0.06731436502428868, 0.054823039555863984, 0.048577376821651634, 0.03816793893129771]",0.0057153834826617,2.825200647195573
SXPUSDT,2020-11-22-00:00,2020-11-23-00:00,second,"[0.13948646773074255, 0.1193615544760583, 0.11866759195003469, 0.10340041637751561, 0.08119361554476058, 0.08674531575294935, 0.11034004163775156, 0.08258154059680778, 0.08605135322692574, 0.07217210270645386]",0.010418009800321,3.2921319956066704
SXPUSDT,2020-11-23-00:00,2020-11-24-00:00,first,"[0.30673143650242884, 0.19083969465648856, 0.12907702984038863, 0.10201249132546843, 0.06384455239417071, 0.05829285218598196, 0.06176266481609993, 0.04718945176960444, 0.040249826509368494]",0.0074358590727041,2.8311853197788763
SXPUSDT,2020-11-23-00:00,2020-11-24-00:00,second,"[0.1193615544760583, 0.11727966689798751, 0.1179736294240111, 0.12074947952810548, 0.08952116585704371, 0.09021512838306732, 0.08952116585704371, 0.0936849410131853, 0.08327550312283137, 0.0784177654406662]",0.0064589129899323,3.3038078211586215
SXPUSDT,2020-11-24-00:00,2020-11-25-00:00,first,"[0.2907702984038862, 0.183206106870229, 0.13324080499653018, 0.10617626648161, 0.07286606523247745, 0.06662040249826509, 0.054823039555863984, 0.04580152671755725, 0.046495489243580844]",0.0056491485242749,2.8726256614866204
SXPUSDT,2020-11-24-00:00,2020-11-25-00:00,second,"[0.12838306731436502, 0.10687022900763359, 0.11866759195003469, 0.11866759195003469, 0.08813324080499653, 0.08605135322692574, 0.09437890353920889, 0.09299097848716169, 0.08674531575294935, 0.0791117279666898]",0.0073062160709633,3.303678388120288
SXPUSDT,2020-11-25-00:00,2020-11-26-00:00,first,"[0.3428174878556558, 0.1734906315058987, 0.11242192921582235, 0.09021512838306732, 0.07702984038861901, 0.061068702290076333, 0.04510756419153366, 0.047883414295628035, 0.04996530187369882]",0.0102211785565996,2.794249596716945
SXPUSDT,2020-11-25-00:00,2020-11-26-00:00,second,"[0.12768910478834142, 0.09437890353920889, 0.11034004163775156, 0.10617626648161, 0.11658570437196392, 0.09507286606523248, 0.10270645385149202, 0.08813324080499653, 0.08605135322692574, 0.07286606523247745]",0.0073968610494389,3.3050843400115184
SXPUSDT,2020-11-26-00:00,2020-11-27-00:00,first,"[0.2734212352532963, 0.1845940319222762, 0.14989590562109645, 0.10131852879944483, 0.09993060374739764, 0.05412907702984039, 0.05829285218598196, 0.04233171408743928, 0.03608605135322693]",0.0130930490175217,2.871448159036679
SXPUSDT,2020-11-26-00:00,2020-11-27-00:00,second,"[0.12630117973629423, 0.09993060374739764, 0.11172796668979876, 0.10062456627342123, 0.10131852879944483, 0.0916030534351145, 0.10756419153365718, 0.09021512838306732, 0.08327550312283137, 0.08743927827897294]",0.0054340174654942,3.3113848701057047
SXPUSDT,2020-11-27-00:00,2020-11-28-00:00,first,"[0.29583333333333334, 0.18680555555555556, 0.13402777777777777, 0.09513888888888888, 0.075, 0.06597222222222222, 0.05277777777777778, 0.05, 0.044444444444444446]",0.0044007417043004,2.8621826092095883
SXPUSDT,2020-11-27-00:00,2020-11-28-00:00,second,"[0.11666666666666667, 0.1111111111111111, 0.12083333333333333, 0.10625, 0.1125, 0.0875, 0.08541666666666667, 0.09791666666666667, 0.09305555555555556, 0.06875]",0.0078348502406087,3.3037756081345764
SXPUSDT,2020-11-28-00:00,2020-11-29-00:00,first,"[0.31123517096999304, 0.18422889043963714, 0.11444521981856245, 0.09351011863224006, 0.08653175157013258, 0.06699232379623168, 0.05303558967201675, 0.050942079553384506, 0.039078855547801813]",0.0057197436395764,2.844345444739342
SXPUSDT,2020-11-28-00:00,2020-11-29-00:00,second,"[0.12909979064898813, 0.10746685275645498, 0.11165387299371947, 0.09769713886950454, 0.10816468946266573, 0.10537334263782275, 0.08932309839497557, 0.08862526168876483, 0.07885554780181438, 0.0837404047452896]",0.005761098014181,3.306967162986219
SXPUSDT,2020-11-29-00:00,2020-11-30-00:00,first,"[0.3212036389083275, 0.16794961511546536, 0.12106368089573127, 0.07557732680195942, 0.07977606717984605, 0.07557732680195942, 0.05948215535339398, 0.052484254723582924, 0.04688593421973408]",0.007410974635307,2.853865076424164
SXPUSDT,2020-11-29-00:00,2020-11-30-00:00,second,"[0.1245626312106368, 0.12596221133659902, 0.10076976906927922, 0.099370188943317, 0.09377186843946816, 0.10216934919524143, 0.08957312806158152, 0.08747375787263821, 0.08467459762071379, 0.09167249825052484]",0.00582454602571,3.3087806581700394
SXPUSDT,2020-11-30-00:00,2020-12-01-00:00,first,"[0.30488694383661563, 0.17797228300510576, 0.11524434719183078, 0.08971553610503283, 0.06783369803063458, 0.06929248723559446, 0.05762217359591539, 0.05762217359591539, 0.05981035740335521]",0.0063569306040565,2.8846909412941684
SXPUSDT,2020-11-30-00:00,2020-12-01-00:00,second,"[0.1363967906637491, 0.11451495258935084, 0.11086797957695113, 0.09336250911743253, 0.11305616338439095, 0.08533916849015317, 0.09482129832239242, 0.09117432530999271, 0.08096280087527352, 0.07950401167031364]",0.0068811423033325,3.301111497304266
SXPUSDT,2020-12-01-00:00,2020-12-02-00:00,first,"[0.3553088133240805, 0.17002081887578072, 0.10895211658570438, 0.0784177654406662, 0.0652324774462179, 0.05968077723802915, 0.04580152671755725, 0.06176266481609993, 0.054823039555863984]",0.0164343353386681,2.782604056200932
SXPUSDT,2020-12-01-00:00,2020-12-02-00:00,second,"[0.12421929215822346, 0.10756419153365718, 0.1054823039555864, 0.11450381679389313, 0.09993060374739764, 0.10687022900763359, 0.08258154059680778, 0.08743927827897294, 0.08674531575294935, 0.08466342817487855]",0.0049814546659174,3.3089695703644986
SXPUSDT,2020-12-02-00:00,2020-12-03-00:00,first,"[0.3066759388038943, 0.17454798331015298, 0.1105702364394993, 0.09805285118219749, 0.08136300417246176, 0.07162726008344923, 0.06050069541029207, 0.05354659248956885, 0.043115438108484005]",0.0041230729703377,2.8757397719703026
SXPUSDT,2020-12-02-00:00,2020-12-03-00:00,second,"[0.10917941585535466, 0.11961057023643949, 0.11543810848400557, 0.10222531293463143, 0.09457579972183588, 0.09735744089012517, 0.10292072322670376, 0.09318497913769123, 0.08205841446453407, 0.08344923504867872]",0.0050792517413877,3.311816148621656
SXPUSDT,2020-12-03-00:00,2020-12-04-00:00,first,"[0.3293871866295265, 0.1733983286908078, 0.1149025069637883, 0.09540389972144847, 0.06754874651810584, 0.06824512534818941, 0.05362116991643454, 0.04735376044568245, 0.05013927576601671]",0.0075638470863251,2.826275845975937
SXPUSDT,2020-12-03-00:00,2020-12-04-00:00,second,"[0.1288300835654596, 0.11838440111420613, 0.11420612813370473, 0.10584958217270195, 0.09610027855153204, 0.06615598885793872, 0.0988857938718663, 0.09401114206128133, 0.0807799442896936, 0.0967966573816156]",0.0083038559899198,3.299796162596423
SXPUSDT,2020-12-04-00:00,2020-12-05-00:00,first,"[0.29873772791023845, 0.16479663394109398, 0.12622720897615708, 0.1002805049088359, 0.0694249649368864, 0.07503506311360449, 0.0546984572230014, 0.052594670406732116, 0.05820476858345021]",0.0059192586075008,2.89812484445884
SXPUSDT,2020-12-04-00:00,2020-12-05-00:00,second,"[0.12552594670406733, 0.1185133239831697, 0.10729312762973352, 0.09747545582047686, 0.1150070126227209, 0.09887798036465638, 0.09396914446002805, 0.0876577840112202, 0.08485273492286115, 0.07082748948106592]",0.0055927724554534,3.3032695806652135
SXPUSDT,2020-12-05-00:00,2020-12-06-00:00,first,"[0.303583977512298, 0.16936050597329586, 0.13914265635980325, 0.10470836261419536, 0.07870695713281799, 0.06957132817990162, 0.050597329585382995, 0.046380885453267746, 0.03794799718903725]",0.006040175501166,2.85135730067453
SXPUSDT,2020-12-05-00:00,2020-12-06-00:00,second,"[0.1377371749824315, 0.11384399156711174, 0.1286015460295151, 0.09416725228390724, 0.09978917779339423, 0.07449051300070274, 0.08854532677442024, 0.08924806746310611, 0.0758959943780745, 0.09768095572733661]",0.0101043114158403,3.294149042859686
SXPUSDT,2020-12-06-00:00,2020-12-07-00:00,first,"[0.3039426523297491, 0.17419354838709677, 0.13620071684587814, 0.0910394265232975, 0.08458781362007169, 0.06379928315412187, 0.056630824372759854, 0.044444444444444446, 0.04516129032258064]",0.0043513787723984,2.8586494980247035
SXPUSDT,2020-12-06-00:00,2020-12-07-00:00,second,"[0.11756272401433691, 0.11469534050179211, 0.11182795698924732, 0.0960573476702509, 0.10967741935483871, 0.0989247311827957, 0.09032258064516129, 0.08817204301075268, 0.08602150537634409, 0.08673835125448029]",0.003433881348499,3.312029109747716
SXPUSDT,2020-12-07-00:00,2020-12-08-00:00,first,"[0.31195965417867433, 0.18371757925072046, 0.09870317002881844, 0.09582132564841499, 0.08645533141210375, 0.07348703170028818, 0.06412103746397695, 0.0345821325648415, 0.051152737752161385]",0.0097543652937028,2.850810213606717
SXPUSDT,2020-12-07-00:00,2020-12-08-00:00,second,"[0.1340057636887608, 0.11095100864553314, 0.08861671469740634, 0.09438040345821326, 0.1037463976945245, 0.09798270893371758, 0.08501440922190202, 0.09438040345821326, 0.09221902017291066, 0.09870317002881844]",0.0082906724808011,3.3098284530820976
SXPUSDT,2020-12-08-00:00,2020-12-09-00:00,first,"[0.30742539902845245, 0.16169326856349758, 0.11450381679389313, 0.08674531575294935, 0.0936849410131853, 0.08049965301873699, 0.061068702290076333, 0.04996530187369882, 0.04441360166551006]",0.0083397148956766,2.8866317084133106
SXPUSDT,2020-12-08-00:00,2020-12-09-00:00,second,"[0.12144344205412907, 0.12421929215822346, 0.11380985426786953, 0.09646079111727966, 0.1040943789035392, 0.08743927827897294, 0.0936849410131853, 0.09507286606523248, 0.0916030534351145, 0.07217210270645386]",0.0059863951976535,3.304997135156213
SXPUSDT,2020-12-09-00:00,2020-12-10-00:00,first,"[0.3143650242886884, 0.15475364330326163, 0.11589174184594032, 0.07494795281054822, 0.08813324080499653, 0.08605135322692574, 0.062456627342123525, 0.04510756419153366, 0.05829285218598196]",0.0129759175484744,2.885810100925638
SXPUSDT,2020-12-09-00:00,2020-12-10-00:00,second,"[0.1193615544760583, 0.11380985426786953, 0.11450381679389313, 0.10825815405968078, 0.10617626648161, 0.09854267869535045, 0.09576682859125607, 0.08119361554476058, 0.0798056904927134, 0.08258154059680778]",0.0039473023064769,3.3075040817432897
SXPUSDT,2020-12-10-00:00,2020-12-11-00:00,first,"[0.29285218598195695, 0.17487855655794587, 0.10756419153365718, 0.08882720333102012, 0.08952116585704371, 0.0798056904927134, 0.05829285218598196, 0.05829285218598196, 0.04996530187369882]",0.0077439704292085,2.9118683050374825
SXPUSDT,2020-12-10-00:00,2020-12-11-00:00,second,"[0.13324080499653018, 0.11380985426786953, 0.10201249132546843, 0.09715475364330327, 0.09993060374739764, 0.08535739070090215, 0.0936849410131853, 0.1054823039555864, 0.09299097848716169, 0.07633587786259542]",0.0068845962448163,3.3064133446870105
SXPUSDT,2020-12-11-00:00,2020-12-12-00:00,first,"[0.28541666666666665, 0.16319444444444445, 0.10833333333333334, 0.11944444444444445, 0.08958333333333333, 0.08472222222222223, 0.06180555555555556, 0.052083333333333336, 0.035416666666666666]",0.0123236379505614,2.911071026188538
SXPUSDT,2020-12-11-00:00,2020-12-12-00:00,second,"[0.11944444444444445, 0.11736111111111111, 0.09930555555555555, 0.09375, 0.09930555555555555, 0.09791666666666667, 0.10277777777777777, 0.09861111111111111, 0.07708333333333334, 0.09444444444444444]",0.00636393895818,3.312565243686051
SXPUSDT,2020-12-12-00:00,2020-12-13-00:00,first,"[0.28372739916550765, 0.17107093184979139, 0.11821974965229486, 0.10222531293463143, 0.08275382475660639, 0.0674547983310153, 0.06606397774687066, 0.057719054242002785, 0.050764951321279554]",0.0064537579245263,2.9265983014758414
SXPUSDT,2020-12-12-00:00,2020-12-13-00:00,second,"[0.12239221140472879, 0.11265646731571627, 0.1070931849791377, 0.11196105702364395, 0.09874826147426982, 0.08831710709318498, 0.08623087621696801, 0.09874826147426982, 0.08344923504867872, 0.09040333796940195]",0.0048293395433817,3.310832260296718
SXPUSDT,2020-12-13-00:00,2020-12-14-00:00,first,"[0.28055555555555556, 0.19375, 0.12361111111111112, 0.1111111111111111, 0.08194444444444444, 0.075, 0.059722222222222225, 0.041666666666666664, 0.03263888888888889]",0.0098681162351367,2.8692461924031765
SXPUSDT,2020-12-13-00:00,2020-12-14-00:00,second,"[0.11458333333333333, 0.11319444444444444, 0.09791666666666667, 0.09722222222222222, 0.09652777777777778, 0.09861111111111111, 0.09444444444444444, 0.09513888888888888, 0.10347222222222222, 0.08888888888888889]",0.0055168378128079,3.3176582567786452
SXPUSDT,2020-12-14-00:00,2020-12-15-00:00,first,"[0.31290555155010813, 0.1910598413842826, 0.13338139870223503, 0.09228550829127613, 0.0692141312184571, 0.06200432588320115, 0.0555155010814708, 0.04397981254506128, 0.03965392934390771]",0.0078415111797029,2.815447699487891
SXPUSDT,2020-12-14-00:00,2020-12-15-00:00,second,"[0.136986301369863, 0.10310021629416005, 0.10454217736121124, 0.10814708002883922, 0.09949531362653208, 0.10021629416005767, 0.09228550829127613, 0.09300648882480173, 0.0821917808219178, 0.08002883922134102]",0.0054636220967591,3.3060787404981267
SXPUSDT,2020-12-15-00:00,2020-12-16-00:00,first,"[0.3015759312320917, 0.166189111747851, 0.11604584527220631, 0.09598853868194843, 0.07593123209169055, 0.08237822349570201, 0.062320916905444126, 0.058022922636103154, 0.04154727793696275]",0.0060392754554841,2.894559749775987
SXPUSDT,2020-12-15-00:00,2020-12-16-00:00,second,"[0.1296561604584527, 0.12249283667621777, 0.09312320916905444, 0.10601719197707736, 0.09025787965616046, 0.10028653295128939, 0.1010028653295129, 0.08595988538681948, 0.0830945558739255, 0.08810888252148998]",0.0069232428071185,3.306662464103353
SXPUSDT,2020-12-16-00:00,2020-12-17-00:00,first,"[0.3282442748091603, 0.1707147814018043, 0.11589174184594032, 0.09507286606523248, 0.07217210270645386, 0.06176266481609993, 0.06731436502428868, 0.04996530187369882, 0.0388619014573213]",0.008119266042618,2.827951086111144
SXPUSDT,2020-12-16-00:00,2020-12-17-00:00,second,"[0.12352532963219987, 0.12074947952810548, 0.10478834142956281, 0.10340041637751561, 0.10270645385149202, 0.08258154059680778, 0.09090909090909091, 0.09784871616932686, 0.0922970159611381, 0.08119361554476058]",0.0050654756043561,3.308863817866678
SXPUSDT,2020-12-17-00:00,2020-12-18-00:00,first,"[0.3393476752255378, 0.18945176960444135, 0.11242192921582235, 0.07702984038861901, 0.06800832755031229, 0.06037473976405274, 0.061068702290076333, 0.05135322692574601, 0.040943789035392086]",0.0122123666446824,2.786458775867991
SXPUSDT,2020-12-17-00:00,2020-12-18-00:00,second,"[0.10895211658570438, 0.1297709923664122, 0.11311589174184594, 0.09854267869535045, 0.09299097848716169, 0.08952116585704371, 0.09021512838306732, 0.09854267869535045, 0.0936849410131853, 0.08466342817487855]",0.0068961717110528,3.3103232276673613
SXPUSDT,2020-12-18-00:00,2020-12-19-00:00,first,"[0.2997918112421929, 0.1568355308813324, 0.11380985426786953, 0.08882720333102012, 0.08327550312283137, 0.08119361554476058, 0.06731436502428868, 0.05898681471200555, 0.04996530187369882]",0.0088234676919119,2.9189515707439355
SXPUSDT,2020-12-18-00:00,2020-12-19-00:00,second,"[0.11866759195003469, 0.11034004163775156, 0.1054823039555864, 0.10201249132546843, 0.09507286606523248, 0.09923664122137404, 0.10617626648161, 0.09507286606523248, 0.08674531575294935, 0.08119361554476058]",0.0040163625826508,3.313884164750348
SXPUSDT,2020-12-19-00:00,2020-12-20-00:00,first,"[0.29791666666666666, 0.15486111111111112, 0.11527777777777778, 0.09583333333333334, 0.08611111111111111, 0.08333333333333333, 0.07222222222222222, 0.044444444444444446, 0.05]",0.0092864874333481,2.913662221774102
SXPUSDT,2020-12-19-00:00,2020-12-20-00:00,second,"[0.12361111111111112, 0.11319444444444444, 0.11041666666666666, 0.10416666666666667, 0.09375, 0.09097222222222222, 0.09652777777777778, 0.09305555555555556, 0.09236111111111112, 0.08194444444444444]",0.0032349351976664,3.311827987652028
SXPUSDT,2020-12-20-00:00,2020-12-21-00:00,first,"[0.28938237335183903, 0.17002081887578072, 0.12005551700208189, 0.11311589174184594, 0.08535739070090215, 0.0652324774462179, 0.06037473976405274, 0.05135322692574601, 0.04510756419153366]",0.0055478934781772,2.9011907513617508
SXPUSDT,2020-12-20-00:00,2020-12-21-00:00,second,"[0.1040943789035392, 0.10895211658570438, 0.11866759195003469, 0.11242192921582235, 0.11866759195003469, 0.0936849410131853, 0.09576682859125607, 0.08952116585704371, 0.08049965301873699, 0.0777238029146426]",0.0077379888840129,3.307369634053475
SXPUSDT,2020-12-21-00:00,2020-12-22-00:00,first,"[0.29941434846266474, 0.1617862371888726, 0.13250366032210834, 0.09736456808199122, 0.08125915080527087, 0.0746705710102489, 0.04538799414348463, 0.0636896046852123, 0.043923865300146414]",0.0067462771473013,2.8869754441702584
SXPUSDT,2020-12-21-00:00,2020-12-22-00:00,second,"[0.12884333821376281, 0.09956076134699854, 0.10761346998535871, 0.12298682284040996, 0.10029282576866765, 0.09956076134699854, 0.08565153733528551, 0.08784773060029283, 0.07174231332357248, 0.095900439238653]",0.0083215889903938,3.3032813463482142
SXPUSDT,2020-12-22-00:00,2020-12-23-00:00,first,"[0.2924071082390953, 0.1938610662358643, 0.12520193861066237, 0.09773828756058159, 0.08239095315024232, 0.05573505654281099, 0.046849757673667204, 0.05088852988691438, 0.05492730210016155]",0.006942400528261,2.8651249472759766
SXPUSDT,2020-12-22-00:00,2020-12-23-00:00,second,"[0.14378029079159935, 0.10662358642972536, 0.09450726978998385, 0.10096930533117932, 0.0864297253634895, 0.09612277867528271, 0.0912762520193861, 0.09450726978998385, 0.0815831987075929, 0.10420032310177706]",0.0094918547518367,3.3042017912404145
SXPUSDT,2020-12-23-00:00,2020-12-24-00:00,first,"[0.3025210084033613, 0.18137254901960784, 0.11484593837535013, 0.09173669467787114, 0.08053221288515407, 0.07492997198879552, 0.05742296918767507, 0.06022408963585434, 0.036414565826330535]",0.0055951153527758,2.870921082352536
SXPUSDT,2020-12-23-00:00,2020-12-24-00:00,second,"[0.13165266106442577, 0.11274509803921569, 0.10434173669467788, 0.10644257703081232, 0.11204481792717087, 0.09663865546218488, 0.0861344537815126, 0.08263305322128851, 0.09103641456582633, 0.07633053221288516]",0.0058578771827908,3.3039487833727206
SXPUSDT,2020-12-24-00:00,2020-12-25-00:00,first,"[0.30410577592205984, 0.1684064022268615, 0.11760612386917188, 0.08629088378566457, 0.08768267223382047, 0.07237299930410578, 0.054975643702157274, 0.05915100904662491, 0.049408489909533754]",0.0063673115701931,2.891080446650749
SXPUSDT,2020-12-24-00:00,2020-12-25-00:00,second,"[0.12108559498956159, 0.11134307585247043, 0.12386917188587335, 0.116214335421016, 0.08629088378566457, 0.08768267223382047, 0.0883785664578984, 0.0883785664578984, 0.08559498956158663, 0.09116214335421016]",0.006900713151924,3.305663378007743
SXPUSDT,2020-12-25-00:00,2020-12-26-00:00,first,"[0.3041880969875092, 0.16531961792799413, 0.13152094048493754, 0.09625275532696546, 0.07714915503306392, 0.07347538574577517, 0.05804555473916238, 0.05143277002204261, 0.0426157237325496]",0.0036895014781032,2.8760071251247035
SXPUSDT,2020-12-25-00:00,2020-12-26-00:00,second,"[0.12196914033798678, 0.11388684790595151, 0.12049963262307127, 0.10286554004408523, 0.10139603232916973, 0.09919177075679647, 0.08008817046289493, 0.09845701689933872, 0.0881704628949302, 0.07347538574577517]",0.0052551614641075,3.304690151239096
SXPUSDT,2020-12-26-00:00,2020-12-27-00:00,first,"[0.29510591672753833, 0.16362308254200147, 0.14901387874360847, 0.08400292184075968, 0.07815924032140248, 0.06939371804236669, 0.0620891161431702, 0.04747991234477721, 0.05113221329437546]",0.0079986583213879,2.8879014236359266
SXPUSDT,2020-12-26-00:00,2020-12-27-00:00,second,"[0.1446311176040906, 0.10883856829802775, 0.09276844411979547, 0.11468224981738495, 0.09130752373995617, 0.08838568298027757, 0.09934258582907232, 0.08473338203067933, 0.08911614317019723, 0.08619430241051863]",0.0088030857167667,3.3012184936641265
SXPUSDT,2020-12-27-00:00,2020-12-28-00:00,first,"[0.2677556818181818, 0.16335227272727273, 0.14204545454545456, 0.10724431818181818, 0.09446022727272728, 0.06889204545454546, 0.07315340909090909, 0.037642045454545456, 0.045454545454545456]",0.0132948271718163,2.9256311056983377
SXPUSDT,2020-12-27-00:00,2020-12-28-00:00,second,"[0.1377840909090909, 0.10724431818181818, 0.10298295454545454, 0.09232954545454546, 0.09872159090909091, 0.09659090909090909, 0.08522727272727272, 0.10085227272727272, 0.08238636363636363, 0.09588068181818182]",0.0078976871060737,3.3075910932351555
SXPUSDT,2020-12-28-00:00,2020-12-29-00:00,first,"[0.3074179743223966, 0.16690442225392296, 0.12339514978601997, 0.09343794579172611, 0.07703281027104136, 0.05777460770328103, 0.06062767475035663, 0.06704707560627675, 0.046362339514978604]",0.0056718018987298,2.880810491089055
SXPUSDT,2020-12-28-00:00,2020-12-29-00:00,second,"[0.12981455064194009, 0.12696148359486448, 0.10912981455064194, 0.10627674750356633, 0.10485021398002853, 0.10199714693295292, 0.0898716119828816, 0.07560627674750357, 0.07560627674750357, 0.07988587731811697]",0.0070648175786375,3.2969017192045507
SXPUSDT,2020-12-29-00:00,2020-12-30-00:00,first,"[0.2951048951048951, 0.1853146853146853, 0.10979020979020979, 0.10139860139860139, 0.08321678321678322, 0.06013986013986014, 0.06433566433566433, 0.05244755244755245, 0.04825174825174825]",0.0061956793039842,2.886124347143278
SXPUSDT,2020-12-29-00:00,2020-12-30-00:00,second,"[0.13216783216783218, 0.1076923076923077, 0.1041958041958042, 0.11608391608391608, 0.1, 0.08041958041958042, 0.09020979020979021, 0.08601398601398601, 0.08881118881118881, 0.0944055944055944]",0.0069784594008275,3.306509069047978
SXPUSDT,2020-12-30-00:00,2020-12-31-00:00,first,"[0.2942430703624733, 0.18052594171997158, 0.12935323383084577, 0.0945273631840796, 0.07036247334754797, 0.0689410092395167, 0.06680881307746979, 0.05472636815920398, 0.04051172707889126]",0.0051631358460767,2.881542933875268
SXPUSDT,2020-12-30-00:00,2020-12-31-00:00,second,"[0.13148542999289267, 0.11371712864250177, 0.10732054015636106, 0.11371712864250177, 0.1122956645344705, 0.09310589907604833, 0.09168443496801706, 0.0923951670220327, 0.06965174129353234, 0.07462686567164178]",0.0070448739653749,3.297574400491344
SXPUSDT,2020-12-31-00:00,2021-01-01-00:00,first,"[0.30808080808080807, 0.16378066378066378, 0.1277056277056277, 0.1038961038961039, 0.07215007215007214, 0.07142857142857142, 0.05988455988455989, 0.048340548340548344, 0.044733044733044736]",0.0051507086904518,2.8700191696861492
SXPUSDT,2020-12-31-00:00,2021-01-01-00:00,second,"[0.12265512265512266, 0.11616161616161616, 0.10173160173160173, 0.08441558441558442, 0.10173160173160173, 0.0873015873015873, 0.10101010101010101, 0.09812409812409813, 0.09235209235209235, 0.09451659451659451]",0.0072759043180033,3.312890716897997
