2025-01-08 15:00:00,95288.0,95335.17,95212.02,95335.17,28.8268
2025-01-08 15:01:00,95336.0,95499.77,95336.0,95494.0,31.31735
2025-01-08 15:02:00,95494.0,95528.02,95393.93,95505.18,47.32098
2025-01-08 15:03:00,95505.19,95878.79,95505.18,95813.5,197.46069
2025-01-08 15:04:00,95813.94,95868.63,95734.53,95831.15,83.70082
2025-01-08 15:05:00,95831.15,95975.0,95800.0,95801.97,55.23412
2025-01-08 15:06:00,95801.97,96031.84,95801.97,96028.25,69.22224
2025-01-08 15:07:00,96028.24,96079.32,95857.59,95934.93,70.17894
2025-01-08 15:08:00,95934.99,95959.38,95804.0,95887.94,46.54531
2025-01-08 15:09:00,95887.94,95923.09,95800.57,95839.99,34.29753
2025-01-08 15:10:00,95839.98,95878.78,95659.22,95686.44,49.78895
2025-01-08 15:11:00,95686.43,95728.91,95447.21,95508.41,66.64353
2025-01-08 15:12:00,95508.42,95531.18,95393.93,95410.97,127.30692
2025-01-08 15:13:00,95410.96,95470.86,95249.66,95251.23,82.00913
2025-01-08 15:14:00,95251.23,95283.48,95133.61,95154.56,52.3152
2025-01-08 15:15:00,95154.56,95196.4,94981.36,95098.37,64.07543
2025-01-08 15:16:00,95098.37,95110.0,94898.5,95068.46,94.56087
2025-01-08 15:17:00,95068.45,95195.21,95037.12,95167.07,64.0363
2025-01-08 15:18:00,95167.08,95303.04,95167.08,95273.01,39.09795
2025-01-08 15:19:00,95273.01,95421.18,95256.54,95373.99,56.19329
2025-01-08 15:20:00,95373.99,95374.45,95000.0,95001.81,44.29623
2025-01-08 15:21:00,95001.81,95121.38,95001.81,95060.29,42.63106
2025-01-08 15:22:00,95060.3,95071.4,94763.36,94793.03,107.05003
2025-01-08 15:23:00,94793.04,94891.98,94775.21,94891.98,35.87388
2025-01-08 15:24:00,94891.97,95026.39,94849.41,94995.75,31.53513
2025-01-08 15:25:00,94995.75,95100.0,94940.0,94963.01,28.80261
2025-01-08 15:26:00,94963.0,95076.66,94917.39,95076.66,21.32956
2025-01-08 15:27:00,95076.67,95105.45,94922.31,94948.38,32.13395
2025-01-08 15:28:00,94948.38,94952.07,94800.0,94813.48,23.60004
2025-01-08 15:29:00,94813.48,94878.78,94710.0,94797.37,54.24854
2025-01-08 15:30:00,94797.38,94900.0,94774.92,94848.48,46.72669
2025-01-08 15:31:00,94848.49,94934.34,94829.72,94849.13,35.3956
2025-01-08 15:32:00,94849.14,94939.4,94767.0,94771.58,35.86963
2025-01-08 15:33:00,94771.58,94830.09,94625.39,94743.15,61.81305
2025-01-08 15:34:00,94743.15,94760.0,94624.43,94711.99,25.4455
2025-01-08 15:35:00,94711.99,94975.39,94711.99,94938.34,52.18381
2025-01-08 15:36:00,94938.35,95125.3,94932.09,95125.3,31.78485
2025-01-08 15:37:00,95125.31,95216.38,95054.36,95196.22,23.61423
2025-01-08 15:38:00,95195.71,95258.33,95080.26,95093.79,41.60743
2025-01-08 15:39:00,95093.79,95134.9,94969.84,94969.85,32.44067
2025-01-08 15:40:00,94969.84,94976.25,94804.29,94856.4,40.31298
2025-01-08 15:41:00,94857.08,94959.99,94790.81,94958.49,36.12358
2025-01-08 15:42:00,94958.49,95037.85,94900.0,94926.7,17.34607
2025-01-08 15:43:00,94926.7,95000.0,94924.82,94994.42,13.06543
2025-01-08 15:44:00,94994.41,94998.83,94929.75,94995.64,26.08485
2025-01-08 15:45:00,94995.64,95131.18,94985.65,95040.18,32.39088
2025-01-08 15:46:00,95040.19,95128.0,95039.58,95107.29,27.59023
2025-01-08 15:47:00,95107.3,95127.83,94941.22,95013.38,37.46509
2025-01-08 15:48:00,95013.39,95075.53,94955.76,95028.52,18.85492
2025-01-08 15:49:00,95027.13,95064.05,95004.46,95028.37,17.23734
2025-01-08 15:50:00,95028.38,95090.91,94996.15,95077.67,31.53243
2025-01-08 15:51:00,95077.67,95144.0,95020.0,95144.0,19.6789
2025-01-08 15:52:00,95144.0,95331.25,95101.81,95331.25,52.46458
2025-01-08 15:53:00,95331.25,95331.25,95250.01,95250.02,14.33045
2025-01-08 15:54:00,95250.02,95295.23,95227.63,95293.19,29.7361
2025-01-08 15:55:00,95293.19,95318.26,95210.24,95244.0,35.19553
2025-01-08 15:56:00,95244.01,95325.82,95233.35,95258.3,18.63691
2025-01-08 15:57:00,95258.29,95387.73,95258.29,95375.18,131.36727
2025-01-08 15:58:00,95375.19,95409.98,95335.76,95345.4,73.04923
2025-01-08 15:59:00,95345.41,95523.02,95336.12,95493.77,225.45916
2025-01-08 16:00:00,95493.77,95555.25,95336.21,95336.22,100.93117
2025-01-08 16:01:00,95336.22,95368.0,95244.45,95244.45,36.61332
2025-01-08 16:02:00,95244.44,95270.26,95178.48,95187.1,32.8079
2025-01-08 16:03:00,95187.09,95253.52,95171.4,95229.47,17.58888
2025-01-08 16:04:00,95229.47,95229.48,95122.0,95122.0,13.73072
2025-01-08 16:05:00,95122.01,95127.11,95009.21,95044.0,36.37077
2025-01-08 16:06:00,95044.0,95055.33,94909.09,94926.28,24.89453
2025-01-08 16:07:00,94926.28,94994.29,94860.01,94928.3,29.94875
2025-01-08 16:08:00,94928.3,95126.15,94928.13,95124.89,24.5242
2025-01-08 16:09:00,95126.07,95176.75,95066.23,95128.0,30.40744
2025-01-08 16:10:00,95128.0,95212.13,95127.99,95181.82,29.3446
2025-01-08 16:11:00,95181.81,95187.54,95051.66,95063.97,25.31541
2025-01-08 16:12:00,95063.97,95073.49,94989.0,95017.94,15.69023
2025-01-08 16:13:00,95017.94,95120.0,94968.64,95110.98,13.79668
2025-01-08 16:14:00,95110.97,95110.97,95013.42,95013.43,14.22393
2025-01-08 16:15:00,95013.43,95013.43,94892.0,94936.59,18.95402
2025-01-08 16:16:00,94936.59,94968.0,94874.85,94938.15,15.2194
2025-01-08 16:17:00,94938.14,94974.47,94908.12,94909.91,16.43161
2025-01-08 16:18:00,94909.91,95022.2,94908.21,94975.54,16.24077
2025-01-08 16:19:00,94975.44,95055.99,94940.23,95055.99,14.86432
2025-01-08 16:20:00,95055.99,95221.0,95055.99,95200.01,22.01532
2025-01-08 16:21:00,95200.01,95263.2,95145.83,95156.23,37.05947
2025-01-08 16:22:00,95156.23,95200.0,95120.59,95172.68,20.66179
2025-01-08 16:23:00,95172.68,95229.04,95132.75,95223.63,19.36579
2025-01-08 16:24:00,95223.64,95229.04,95121.21,95123.16,13.39672
2025-01-08 16:25:00,95123.16,95144.66,95065.4,95110.41,15.60653
2025-01-08 16:26:00,95110.41,95120.28,95065.66,95071.41,8.81475
2025-01-08 16:27:00,95071.42,95071.42,94909.09,94922.98,28.63053
2025-01-08 16:28:00,94922.98,94922.98,94855.58,94888.6,13.21793
2025-01-08 16:29:00,94888.61,94932.79,94852.94,94886.24,17.50209
2025-01-08 16:30:00,94886.23,95030.71,94886.23,95030.71,24.33196
2025-01-08 16:31:00,95030.7,95030.7,94887.79,94887.8,11.37065
2025-01-08 16:32:00,94887.79,94952.88,94872.02,94927.85,10.60536
2025-01-08 16:33:00,94927.85,94927.85,94838.0,94890.85,24.94449
2025-01-08 16:34:00,94890.85,94969.7,94890.85,94935.43,19.90229
2025-01-08 16:35:00,94935.43,94997.52,94871.85,94871.85,68.92227
2025-01-08 16:36:00,94871.4,95052.26,94839.25,94986.5,74.79259
2025-01-08 16:37:00,94984.01,95140.0,94970.62,95110.2,50.10498
2025-01-08 16:38:00,95110.2,95149.61,95085.38,95112.08,24.74755
2025-01-08 16:39:00,95112.08,95112.08,94962.25,94965.84,28.40501
2025-01-08 16:40:00,94965.85,94965.85,94857.16,94920.01,25.98648
2025-01-08 16:41:00,94919.35,94947.61,94868.84,94947.6,20.70469
2025-01-08 16:42:00,94947.6,94947.61,94860.0,94874.31,16.61131
2025-01-08 16:43:00,94874.32,94886.32,94757.63,94757.63,22.41204
2025-01-08 16:44:00,94757.64,94837.84,94713.91,94804.46,18.18524
2025-01-08 16:45:00,94804.46,94807.46,94750.0,94764.92,10.14808
2025-01-08 16:46:00,94764.91,94764.91,94670.93,94724.11,38.87789
2025-01-08 16:47:00,94724.11,94787.88,94708.94,94787.87,21.86002
2025-01-08 16:48:00,94787.87,94876.99,94740.0,94848.48,10.89252
2025-01-08 16:49:00,94848.49,94855.54,94666.0,94703.99,38.68175
2025-01-08 16:50:00,94704.0,94739.88,94664.95,94737.74,15.78202
2025-01-08 16:51:00,94737.74,94795.1,94668.88,94704.3,29.13536
2025-01-08 16:52:00,94704.31,94738.46,94655.17,94684.05,22.498
2025-01-08 16:53:00,94684.06,94768.83,94680.63,94727.27,20.03998
2025-01-08 16:54:00,94727.28,94743.56,94613.0,94625.78,23.29018
2025-01-08 16:55:00,94625.78,94649.6,94556.21,94605.51,64.75984
2025-01-08 16:56:00,94605.51,94688.87,94565.68,94678.02,29.41141
2025-01-08 16:57:00,94678.08,94805.02,94670.55,94781.19,17.08194
2025-01-08 16:58:00,94781.19,94822.35,94761.35,94763.78,26.53803
2025-01-08 16:59:00,94763.78,94810.82,94763.78,94787.87,9.99238
2025-01-08 17:00:00,94787.87,94793.01,94740.51,94749.09,40.27047
2025-01-08 17:01:00,94749.09,94847.99,94736.01,94836.03,20.23223
2025-01-08 17:02:00,94836.03,94846.9,94565.68,94565.68,27.20472
2025-01-08 17:03:00,94565.69,94626.93,94340.0,94473.78,223.16093
2025-01-08 17:04:00,94473.54,94571.99,94433.19,94439.3,42.90604
2025-01-08 17:05:00,94439.3,94448.76,94290.93,94412.49,104.02932
2025-01-08 17:06:00,94412.27,94412.27,94257.52,94320.34,54.25279
2025-01-08 17:07:00,94320.35,94349.91,94190.41,94202.24,133.02119
2025-01-08 17:08:00,94202.23,94327.3,94153.5,94184.31,58.83278
2025-01-08 17:09:00,94184.31,94232.33,93952.63,94179.02,258.96117
2025-01-08 17:10:00,94179.02,94307.88,94179.02,94285.49,39.73569
2025-01-08 17:11:00,94285.48,94293.59,93982.03,94067.83,100.2607
2025-01-08 17:12:00,94067.82,94132.86,93915.52,93987.35,125.18694
2025-01-08 17:13:00,93987.34,94020.29,93925.23,94005.88,104.15845
2025-01-08 17:14:00,94005.89,94005.89,93828.08,93859.53,118.11032
2025-01-08 17:15:00,93859.54,93975.0,93815.97,93868.14,50.00207
2025-01-08 17:16:00,93868.14,93992.0,93810.03,93926.93,59.13593
2025-01-08 17:17:00,93926.93,94045.49,93785.86,93832.02,66.88754
2025-01-08 17:18:00,93832.02,94075.75,93806.08,93976.07,56.3655
2025-01-08 17:19:00,93976.08,94037.88,93908.0,93917.21,34.16443
2025-01-08 17:20:00,93917.21,93925.1,93770.5,93822.93,30.09397
2025-01-08 17:21:00,93822.92,93911.74,93690.0,93744.75,106.11054
2025-01-08 17:22:00,93744.76,93816.95,93658.0,93658.01,39.40624
2025-01-08 17:23:00,93658.01,93700.0,93500.0,93500.0,107.53723
2025-01-08 17:24:00,93500.01,93587.49,93272.72,93275.01,240.67198
2025-01-08 17:25:00,93275.01,93477.6,93231.65,93241.27,80.75241
2025-01-08 17:26:00,93241.27,93383.28,93224.14,93356.38,94.05966
2025-01-08 17:27:00,93356.37,93363.41,93123.72,93123.72,109.81717
2025-01-08 17:28:00,93123.72,93367.34,93005.01,93052.71,183.63598
2025-01-08 17:29:00,93052.72,93106.37,92899.02,93016.38,276.46316
2025-01-08 17:30:00,93016.38,93034.64,92751.0,92791.99,191.20954
2025-01-08 17:31:00,92792.0,92851.5,92500.9,92770.79,342.27531
2025-01-08 17:32:00,92770.8,93331.88,92770.8,93316.0,128.44272
2025-01-08 17:33:00,93315.99,93362.4,93200.0,93272.81,68.12376
2025-01-08 17:34:00,93272.8,93298.4,93064.0,93126.43,89.60027
2025-01-08 17:35:00,93126.43,93170.78,93051.34,93062.3,61.64163
2025-01-08 17:36:00,93062.31,93135.79,92830.39,93122.78,157.63796
2025-01-08 17:37:00,93122.78,93453.88,93084.55,93453.88,101.7839
2025-01-08 17:38:00,93453.88,93598.3,93356.0,93360.46,83.02933
2025-01-08 17:39:00,93360.45,93408.0,93269.54,93317.0,96.82692
2025-01-08 17:40:00,93317.01,93576.99,93256.89,93548.84,110.8536
2025-01-08 17:41:00,93548.84,93690.99,93539.14,93558.51,84.0002
2025-01-08 17:42:00,93558.5,93747.12,93550.7,93724.11,43.21918
2025-01-08 17:43:00,93724.11,93768.5,93623.68,93624.91,52.30503
2025-01-08 17:44:00,93624.9,93693.6,93549.85,93619.51,24.72009
2025-01-08 17:45:00,93619.79,93747.95,93601.1,93740.9,65.7867
2025-01-08 17:46:00,93740.79,93845.77,93670.34,93723.15,92.87469
2025-01-08 17:47:00,93723.15,93723.15,93452.53,93461.12,62.86025
2025-01-08 17:48:00,93461.11,93581.5,93428.0,93581.5,31.72546
2025-01-08 17:49:00,93581.5,93684.76,93501.66,93501.66,23.09436
2025-01-08 17:50:00,93501.66,93722.15,93501.66,93636.62,16.66741
2025-01-08 17:51:00,93636.84,93722.15,93524.33,93654.05,47.86336
2025-01-08 17:52:00,93653.8,93869.62,93644.0,93869.61,30.57891
2025-01-08 17:53:00,93869.62,93915.5,93810.76,93836.26,52.49594
2025-01-08 17:54:00,93836.27,93894.09,93811.27,93894.09,56.99946
2025-01-08 17:55:00,93894.09,93911.99,93813.47,93888.0,26.93509
2025-01-08 17:56:00,93887.99,93918.93,93824.36,93918.93,21.53365
2025-01-08 17:57:00,93918.93,94006.11,93906.38,93960.83,54.59921
2025-01-08 17:58:00,93960.83,94132.94,93954.54,94107.3,48.33429
2025-01-08 17:59:00,94101.85,94119.78,94030.81,94030.82,42.55559
2025-01-08 18:00:00,94030.81,94148.88,93977.0,94098.73,57.23242
2025-01-08 18:01:00,94098.74,94211.45,94031.68,94084.33,40.42677
2025-01-08 18:02:00,94084.34,94272.73,94084.34,94241.02,51.40108
2025-01-08 18:03:00,94241.02,94290.45,94184.31,94271.99,93.86575
2025-01-08 18:04:00,94272.0,94541.6,94263.58,94436.31,63.40559
2025-01-08 18:05:00,94436.32,94436.32,94168.1,94201.11,102.34138
2025-01-08 18:06:00,94201.11,94476.0,94201.11,94464.99,30.34982
2025-01-08 18:07:00,94464.98,94494.8,94394.62,94430.06,56.04791
2025-01-08 18:08:00,94430.06,94546.26,94355.15,94368.0,64.39061
2025-01-08 18:09:00,94368.01,94499.9,94368.0,94459.44,30.22926
2025-01-08 18:10:00,94459.44,94601.27,94459.44,94601.26,32.73923
2025-01-08 18:11:00,94601.27,94601.27,94505.8,94600.85,50.46705
2025-01-08 18:12:00,94600.86,94600.86,94515.97,94520.01,24.79625
2025-01-08 18:13:00,94520.02,94534.47,94474.39,94483.29,56.04782
2025-01-08 18:14:00,94483.3,94515.15,94302.27,94387.37,38.71024
2025-01-08 18:15:00,94387.38,94446.15,94350.01,94363.51,19.75289
2025-01-08 18:16:00,94363.5,94548.24,94354.0,94484.01,43.71152
2025-01-08 18:17:00,94484.0,94499.64,94408.0,94451.81,25.0221
2025-01-08 18:18:00,94451.81,94590.9,94410.1,94560.21,19.64311
2025-01-08 18:19:00,94560.21,94608.29,94541.53,94603.99,25.12498
2025-01-08 18:20:00,94604.0,94729.4,94568.0,94729.39,44.33588
2025-01-08 18:21:00,94729.4,94729.4,94578.82,94578.83,30.66838
2025-01-08 18:22:00,94578.83,94578.83,94475.87,94562.16,32.12116
2025-01-08 18:23:00,94562.23,94614.32,94524.01,94613.3,12.23938
2025-01-08 18:24:00,94613.31,94775.27,94586.1,94775.26,19.64233
2025-01-08 18:25:00,94775.27,94824.0,94700.59,94811.49,27.22057
2025-01-08 18:26:00,94811.5,94939.4,94811.5,94926.19,40.46256
2025-01-08 18:27:00,94928.94,94954.54,94864.35,94954.54,19.88597
2025-01-08 18:28:00,94954.54,95106.33,94954.54,95045.46,58.48327
2025-01-08 18:29:00,95045.46,95045.46,94896.32,94921.4,33.02004
2025-01-08 18:30:00,94921.4,94933.04,94800.01,94800.01,30.08555
2025-01-08 18:31:00,94800.01,94817.47,94634.59,94713.13,47.51322
2025-01-08 18:32:00,94713.12,94713.13,94588.9,94625.84,16.51187
2025-01-08 18:33:00,94625.84,94662.8,94567.2,94662.79,15.68985
2025-01-08 18:34:00,94662.8,94667.5,94515.13,94529.36,18.74541
2025-01-08 18:35:00,94529.37,94593.09,94519.4,94585.82,15.25073
2025-01-08 18:36:00,94585.82,94665.74,94585.82,94632.99,19.83511
2025-01-08 18:37:00,94633.0,94659.89,94554.47,94560.46,11.65676
2025-01-08 18:38:00,94560.45,94686.21,94552.0,94671.0,19.73472
2025-01-08 18:39:00,94670.84,94746.74,94608.95,94637.31,26.57738
2025-01-08 18:40:00,94637.31,94656.75,94560.01,94560.01,13.75223
2025-01-08 18:41:00,94560.01,94560.02,94451.01,94522.67,52.23809
2025-01-08 18:42:00,94522.66,94550.0,94454.58,94476.0,13.04794
2025-01-08 18:43:00,94476.0,94476.0,94342.67,94345.63,12.40904
2025-01-08 18:44:00,94345.64,94406.13,94345.64,94389.36,9.25967
2025-01-08 18:45:00,94389.36,94389.36,94284.0,94347.58,19.32063
2025-01-08 18:46:00,94347.57,94347.57,94234.74,94268.82,20.99405
2025-01-08 18:47:00,94268.82,94275.11,94221.01,94244.13,23.05404
2025-01-08 18:48:00,94244.12,94246.9,94093.58,94212.42,23.95621
2025-01-08 18:49:00,94212.42,94248.18,94126.56,94153.03,21.94957
2025-01-08 18:50:00,94153.04,94228.54,94089.8,94148.0,30.11364
2025-01-08 18:51:00,94147.99,94212.13,94121.22,94123.01,23.09925
2025-01-08 18:52:00,94123.01,94174.88,94028.66,94028.67,27.23345
2025-01-08 18:53:00,94028.67,94028.67,93780.29,93919.38,93.58853
2025-01-08 18:54:00,93919.38,93919.38,93789.56,93838.8,50.82482
2025-01-08 18:55:00,93838.8,93897.85,93753.99,93884.0,43.04342
2025-01-08 18:56:00,93884.0,94025.63,93804.33,94025.62,35.35222
2025-01-08 18:57:00,94025.62,94132.93,94017.32,94109.79,26.12789
2025-01-08 18:58:00,94109.79,94260.17,94109.79,94260.16,43.78381
2025-01-08 18:59:00,94260.17,94276.0,94241.82,94242.61,42.39002
2025-01-08 19:00:00,94242.62,94348.0,94239.98,94320.79,26.96758
2025-01-08 19:01:00,94320.79,94320.79,94070.59,94169.19,35.47452
2025-01-08 19:02:00,94169.19,94236.52,94059.33,94116.87,39.90852
2025-01-08 19:03:00,94116.97,94384.61,94116.97,94333.0,28.54882
2025-01-08 19:04:00,94333.01,94500.0,94259.44,94432.96,35.05368
2025-01-08 19:05:00,94432.97,94525.0,94363.63,94438.78,96.44013
2025-01-08 19:06:00,94438.92,94553.5,94390.16,94486.01,36.85787
2025-01-08 19:07:00,94486.01,94578.06,94470.19,94578.06,24.76623
2025-01-08 19:08:00,94578.05,94740.0,94555.67,94675.08,37.84822
2025-01-08 19:09:00,94675.08,94732.85,94609.02,94714.05,22.01863
2025-01-08 19:10:00,94714.04,94790.71,94680.2,94690.97,23.11962
2025-01-08 19:11:00,94690.96,94690.96,94443.48,94468.07,28.65031
2025-01-08 19:12:00,94468.07,94468.96,94324.72,94395.77,32.37101
2025-01-08 19:13:00,94395.78,94520.82,94395.77,94484.02,20.67
2025-01-08 19:14:00,94484.01,94484.01,94283.15,94293.6,22.20298
2025-01-08 19:15:00,94293.59,94438.44,94291.27,94435.89,21.81966
2025-01-08 19:16:00,94435.89,94576.71,94435.89,94477.18,23.8572
2025-01-08 19:17:00,94477.82,94550.0,94415.96,94457.98,15.25981
2025-01-08 19:18:00,94457.99,94632.0,94457.99,94624.91,31.65142
2025-01-08 19:19:00,94624.92,94682.92,94556.01,94559.2,17.16458
2025-01-08 19:20:00,94559.2,94666.66,94524.0,94661.91,26.29108
2025-01-08 19:21:00,94661.92,94694.99,94563.06,94592.22,13.87066
2025-01-08 19:22:00,94592.22,94595.89,94505.16,94586.43,15.76856
2025-01-08 19:23:00,94586.43,94662.12,94562.17,94661.04,13.30897
2025-01-08 19:24:00,94657.91,94689.64,94622.02,94640.15,13.50194
2025-01-08 19:25:00,94640.15,94660.0,94576.15,94588.55,22.63382
2025-01-08 19:26:00,94588.55,94680.0,94588.54,94642.9,12.94125
2025-01-08 19:27:00,94642.89,94845.55,94639.13,94831.7,31.45713
2025-01-08 19:28:00,94831.69,94859.54,94766.37,94775.09,22.16548
2025-01-08 19:29:00,94775.09,94792.07,94743.83,94752.0,14.4089
2025-01-08 19:30:00,94752.0,94752.0,94626.74,94639.83,18.05616
2025-01-08 19:31:00,94639.99,94642.22,94526.85,94581.78,16.82175
2025-01-08 19:32:00,94581.86,94581.87,94511.65,94532.21,17.05867
2025-01-08 19:33:00,94532.22,94628.0,94471.91,94627.99,16.43208
2025-01-08 19:34:00,94628.0,94629.13,94461.53,94461.53,10.28664
2025-01-08 19:35:00,94461.53,94535.2,94456.0,94491.77,8.56211
2025-01-08 19:36:00,94491.76,94495.5,94369.12,94396.52,10.53489
2025-01-08 19:37:00,94396.52,94495.49,94374.02,94419.22,12.66979
2025-01-08 19:38:00,94419.22,94419.22,94342.87,94342.87,21.00494
2025-01-08 19:39:00,94342.88,94342.88,94230.76,94230.76,20.85639
2025-01-08 19:40:00,94230.77,94235.79,94155.62,94185.87,23.62847
2025-01-08 19:41:00,94185.87,94220.36,94108.93,94220.36,33.7824
2025-01-08 19:42:00,94220.35,94242.43,94146.48,94146.48,44.42168
2025-01-08 19:43:00,94146.48,94146.48,94053.82,94119.97,44.35999
2025-01-08 19:44:00,94119.97,94179.21,94119.27,94174.26,13.14431
2025-01-08 19:45:00,94174.25,94198.52,94100.0,94190.21,11.46946
2025-01-08 19:46:00,94190.21,94306.64,94169.27,94293.71,39.82645
2025-01-08 19:47:00,94293.71,94336.02,94225.59,94227.73,13.43363
2025-01-08 19:48:00,94227.73,94343.73,94212.12,94335.39,17.0471
2025-01-08 19:49:00,94335.39,94358.7,94301.22,94317.55,10.97478
2025-01-08 19:50:00,94317.54,94412.78,94317.54,94400.95,13.88846
2025-01-08 19:51:00,94400.95,94472.21,94400.95,94465.72,9.74736
2025-01-08 19:52:00,94465.72,94470.68,94316.04,94316.04,9.6424
2025-01-08 19:53:00,94316.04,94316.05,94204.16,94263.57,8.35806
2025-01-08 19:54:00,94264.0,94282.02,94170.19,94200.69,25.76199
2025-01-08 19:55:00,94200.69,94260.23,94157.62,94260.23,15.42459
2025-01-08 19:56:00,94260.23,94333.34,94238.26,94333.33,8.15381
2025-01-08 19:57:00,94333.33,94349.29,94297.48,94297.49,7.27889
2025-01-08 19:58:00,94297.48,94297.49,94234.28,94282.61,10.89936
2025-01-08 19:59:00,94282.62,94282.62,94219.06,94243.89,10.74595
2025-01-08 20:00:00,94243.89,94268.0,94182.74,94220.82,15.97282
2025-01-08 20:01:00,94220.82,94274.69,94190.11,94246.19,14.69476
2025-01-08 20:02:00,94246.18,94318.49,94228.03,94286.91,15.54896
2025-01-08 20:03:00,94286.91,94387.72,94270.01,94356.85,8.40231
2025-01-08 20:04:00,94356.85,94404.0,94356.84,94386.5,6.5603
2025-01-08 20:05:00,94386.51,94394.89,94341.61,94341.61,8.95807
2025-01-08 20:06:00,94341.61,94360.28,94288.0,94297.76,7.65624
2025-01-08 20:07:00,94297.76,94306.94,94205.02,94255.83,12.56679
2025-01-08 20:08:00,94255.83,94255.83,94026.7,94030.31,49.60743
2025-01-08 20:09:00,94030.31,94038.24,93966.67,93997.29,21.21835
2025-01-08 20:10:00,93997.29,94036.65,93899.88,93905.59,24.26619
2025-01-08 20:11:00,93905.6,93928.0,93800.01,93911.73,49.03626
2025-01-08 20:12:00,93911.73,93914.79,93812.34,93812.35,14.27796
2025-01-08 20:13:00,93812.35,93857.99,93800.0,93827.68,22.60554
2025-01-08 20:14:00,93827.69,93827.69,93800.0,93800.0,18.79509
2025-01-08 20:15:00,93800.0,93899.57,93755.48,93797.76,44.40374
2025-01-08 20:16:00,93797.77,93939.68,93797.76,93858.77,25.57749
2025-01-08 20:17:00,93858.87,93877.66,93816.27,93816.27,13.38231
2025-01-08 20:18:00,93816.27,93994.14,93782.92,93980.5,29.73231
2025-01-08 20:19:00,93980.5,93980.5,93906.02,93906.03,27.78039
2025-01-08 20:20:00,93906.03,94059.92,93906.02,93992.66,57.05894
2025-01-08 20:21:00,93992.66,94020.0,93960.76,93998.32,17.23902
2025-01-08 20:22:00,93998.32,93998.32,93922.15,93979.41,13.48578
2025-01-08 20:23:00,93979.41,94027.6,93956.34,93981.24,18.34099
2025-01-08 20:24:00,93981.23,94056.27,93981.23,94056.26,8.10634
2025-01-08 20:25:00,94056.27,94069.97,93988.46,94004.19,8.56754
2025-01-08 20:26:00,94004.2,94053.59,94004.19,94033.62,11.11343
2025-01-08 20:27:00,94033.62,94065.01,93940.55,93962.21,13.36842
2025-01-08 20:28:00,93962.22,94107.16,93962.21,94098.62,14.89639
2025-01-08 20:29:00,94098.62,94100.31,94002.29,94012.5,14.73078
2025-01-08 20:30:00,94012.49,94164.88,94012.49,94132.86,14.40125
2025-01-08 20:31:00,94132.86,94232.78,94132.86,94204.09,13.51109
2025-01-08 20:32:00,94204.1,94234.17,94105.14,94105.15,19.32033
2025-01-08 20:33:00,94105.15,94105.15,94048.0,94089.68,9.64233
2025-01-08 20:34:00,94089.68,94145.76,94064.01,94106.45,12.38345
2025-01-08 20:35:00,94106.45,94106.45,94003.29,94026.22,13.68175
2025-01-08 20:36:00,94026.21,94068.0,93968.19,94068.0,15.47941
2025-01-08 20:37:00,94068.0,94140.88,94039.01,94039.01,11.09006
2025-01-08 20:38:00,94039.01,94046.29,93987.21,93996.47,9.96566
2025-01-08 20:39:00,93996.46,94038.82,93970.0,94026.65,12.904
2025-01-08 20:40:00,94026.66,94085.92,93977.18,94085.91,8.36138
2025-01-08 20:41:00,94085.92,94134.88,94046.42,94124.47,13.07673
2025-01-08 20:42:00,94124.47,94210.29,94112.04,94197.9,20.85838
2025-01-08 20:43:00,94197.89,94238.11,94172.44,94223.57,11.98653
2025-01-08 20:44:00,94223.56,94238.74,94201.03,94201.03,8.01145
2025-01-08 20:45:00,94201.04,94232.72,94193.28,94228.49,6.78293
2025-01-08 20:46:00,94228.49,94229.08,94172.81,94177.98,5.09404
2025-01-08 20:47:00,94177.98,94177.99,94061.25,94061.25,14.68068
2025-01-08 20:48:00,94061.25,94084.51,94050.02,94077.33,12.86964
2025-01-08 20:49:00,94077.33,94096.0,94021.03,94047.09,10.64658
2025-01-08 20:50:00,94047.1,94089.86,94024.0,94062.03,10.28387
2025-01-08 20:51:00,94062.03,94200.93,94060.61,94189.52,20.22214
2025-01-08 20:52:00,94189.45,94277.38,94168.06,94238.74,11.71202
2025-01-08 20:53:00,94238.73,94238.74,94164.0,94192.79,10.88417
2025-01-08 20:54:00,94192.8,94242.43,94180.16,94180.16,9.89981
2025-01-08 20:55:00,94180.15,94180.15,94076.04,94077.56,29.89779
2025-01-08 20:56:00,94077.55,94085.05,94023.67,94023.68,16.91727
2025-01-08 20:57:00,94023.68,94041.36,93950.0,93959.37,23.79688
2025-01-08 20:58:00,93959.37,94020.0,93959.36,94019.99,13.11125
2025-01-08 20:59:00,94019.99,94019.99,93868.92,93980.0,51.0033
2025-01-08 21:00:00,93982.01,94123.62,93971.88,93992.4,23.19079
2025-01-08 21:01:00,93992.37,94064.0,93987.58,94009.63,7.25178
2025-01-08 21:02:00,94009.64,94135.86,93977.0,94135.86,11.86848
2025-01-08 21:03:00,94135.86,94135.86,94020.96,94020.96,10.5389
2025-01-08 21:04:00,94020.97,94120.65,94020.96,94110.33,5.39744
2025-01-08 21:05:00,94110.33,94149.99,94051.2,94051.21,5.94787
2025-01-08 21:06:00,94051.21,94059.27,93908.12,93924.65,19.24323
2025-01-08 21:07:00,93924.12,93924.12,93810.36,93841.29,18.71429
2025-01-08 21:08:00,93841.3,93841.3,93750.0,93837.63,23.30522
2025-01-08 21:09:00,93837.64,93975.0,93837.63,93902.26,25.83023
2025-01-08 21:10:00,93902.25,93907.77,93802.0,93802.0,24.58225
2025-01-08 21:11:00,93802.0,93865.08,93778.58,93865.08,24.28955
2025-01-08 21:12:00,93865.08,93913.32,93828.0,93876.99,11.53378
2025-01-08 21:13:00,93876.99,93876.99,93817.89,93817.9,6.80487
2025-01-08 21:14:00,93817.89,93871.19,93812.04,93813.47,11.09381
2025-01-08 21:15:00,93813.46,93851.2,93740.1,93740.42,24.67779
2025-01-08 21:16:00,93740.41,93778.26,93600.0,93755.5,55.30481
2025-01-08 21:17:00,93755.5,93875.0,93716.0,93857.93,25.45697
2025-01-08 21:18:00,93857.92,93957.04,93857.92,93873.51,38.1939
2025-01-08 21:19:00,93873.5,93940.72,93832.12,93923.58,16.30406
2025-01-08 21:20:00,93923.57,93964.49,93886.61,93952.49,11.91197
2025-01-08 21:21:00,93952.49,94028.0,93952.48,94014.86,12.97925
2025-01-08 21:22:00,94014.85,94084.0,94005.73,94071.77,7.839
2025-01-08 21:23:00,94071.77,94120.0,94048.12,94100.01,8.93432
2025-01-08 21:24:00,94100.0,94141.64,94070.73,94141.63,5.97656
2025-01-08 21:25:00,94141.64,94218.17,94141.63,94216.04,9.65577
2025-01-08 21:26:00,94216.04,94231.6,94202.69,94231.6,6.23877
2025-01-08 21:27:00,94231.6,94317.04,94231.6,94285.45,10.61673
2025-01-08 21:28:00,94285.45,94285.45,94208.59,94221.93,13.77654
2025-01-08 21:29:00,94221.93,94221.93,94174.98,94180.46,8.32271
2025-01-08 21:30:00,94180.46,94180.46,94107.8,94162.36,23.62587
2025-01-08 21:31:00,94162.35,94242.43,94113.51,94208.68,16.93526
2025-01-08 21:32:00,94208.68,94242.59,94168.06,94242.59,10.9503
2025-01-08 21:33:00,94242.91,94351.94,94225.93,94317.64,12.26878
2025-01-08 21:34:00,94317.65,94336.62,94260.0,94284.78,30.08119
2025-01-08 21:35:00,94285.52,94374.0,94285.52,94374.0,37.45343
2025-01-08 21:36:00,94374.0,94479.66,94373.99,94432.22,33.85728
2025-01-08 21:37:00,94432.22,94439.7,94358.49,94391.02,16.75745
2025-01-08 21:38:00,94391.01,94393.67,94307.82,94361.08,8.74361
2025-01-08 21:39:00,94361.08,94393.94,94320.19,94393.94,12.82415
2025-01-08 21:40:00,94393.94,94498.48,94393.94,94486.8,14.30237
2025-01-08 21:41:00,94486.81,94493.28,94443.21,94457.58,18.30949
2025-01-08 21:42:00,94457.58,94532.42,94457.57,94532.42,15.71868
2025-01-08 21:43:00,94532.75,94596.0,94488.99,94513.87,16.96267
2025-01-08 21:44:00,94513.88,94544.8,94486.05,94498.83,25.67584
2025-01-08 21:45:00,94498.84,94525.49,94344.1,94348.0,23.96713
2025-01-08 21:46:00,94348.01,94444.0,94339.52,94436.96,9.6064
2025-01-08 21:47:00,94436.95,94484.23,94400.0,94405.24,11.53544
2025-01-08 21:48:00,94405.24,94496.72,94405.24,94449.39,12.2069
2025-01-08 21:49:00,94449.38,94495.34,94434.14,94470.74,16.32743
2025-01-08 21:50:00,94470.74,94491.77,94463.07,94475.0,14.51876
2025-01-08 21:51:00,94475.01,94475.01,94456.0,94469.13,6.80781
2025-01-08 21:52:00,94469.12,94497.59,94459.37,94475.49,13.09704
2025-01-08 21:53:00,94475.49,94500.0,94458.6,94489.54,4.66059
2025-01-08 21:54:00,94489.53,94537.91,94489.53,94526.3,5.56324
2025-01-08 21:55:00,94526.3,94573.3,94510.08,94563.36,7.00117
2025-01-08 21:56:00,94563.36,94563.37,94512.0,94529.4,17.47731
2025-01-08 21:57:00,94529.39,94537.21,94487.74,94495.99,17.32232
2025-01-08 21:58:00,94496.0,94499.58,94468.71,94496.11,8.92038
2025-01-08 21:59:00,94496.16,94508.18,94468.96,94468.97,4.34777
2025-01-08 22:00:00,94468.97,94530.13,94460.86,94500.55,12.8394
2025-01-08 22:01:00,94500.55,94539.65,94472.99,94506.63,10.62448
2025-01-08 22:02:00,94506.62,94539.76,94506.62,94538.98,4.00291
2025-01-08 22:03:00,94538.97,94538.98,94519.38,94519.38,1.91208
2025-01-08 22:04:00,94519.38,94557.34,94504.0,94557.34,6.35198
2025-01-08 22:05:00,94557.34,94592.24,94542.01,94592.23,6.88683
2025-01-08 22:06:00,94592.24,94686.55,94584.62,94686.55,19.45163
2025-01-08 22:07:00,94686.67,94700.0,94632.05,94666.64,26.80946
2025-01-08 22:08:00,94666.64,94747.05,94666.64,94742.02,13.32761
2025-01-08 22:09:00,94742.01,94800.0,94707.07,94795.86,28.78033
2025-01-08 22:10:00,94795.87,94939.4,94795.86,94896.36,47.69158
2025-01-08 22:11:00,94896.36,94915.41,94826.25,94834.0,36.74898
2025-01-08 22:12:00,94834.0,94847.98,94772.74,94773.61,14.95702
2025-01-08 22:13:00,94773.61,94782.75,94727.61,94748.01,10.33339
2025-01-08 22:14:00,94748.0,94782.74,94747.93,94759.29,8.49224
2025-01-08 22:15:00,94759.3,94805.24,94710.0,94751.13,11.07764
2025-01-08 22:16:00,94751.13,94751.13,94652.7,94652.7,9.00314
2025-01-08 22:17:00,94652.7,94666.9,94586.09,94600.98,13.29515
2025-01-08 22:18:00,94600.98,94623.28,94597.9,94623.27,6.13946
2025-01-08 22:19:00,94623.27,94636.37,94600.45,94636.36,7.2022
2025-01-08 22:20:00,94636.37,94640.61,94636.36,94640.6,5.39735
2025-01-08 22:21:00,94640.6,94774.13,94640.6,94767.19,9.45746
2025-01-08 22:22:00,94767.19,94787.88,94767.18,94787.88,4.26087
2025-01-08 22:23:00,94787.88,94802.11,94787.87,94802.11,3.2323
2025-01-08 22:24:00,94802.11,94921.78,94802.11,94877.64,14.83387
2025-01-08 22:25:00,94877.64,94877.64,94772.44,94781.72,18.82437
2025-01-08 22:26:00,94781.72,94781.73,94705.58,94759.75,10.42868
2025-01-08 22:27:00,94759.76,94799.8,94759.75,94780.0,5.11092
2025-01-08 22:28:00,94780.01,94785.75,94780.0,94785.74,1.01066
2025-01-08 22:29:00,94785.75,94785.75,94785.74,94785.75,1.13163
2025-01-08 22:30:00,94785.75,94785.75,94723.68,94782.45,33.76861
2025-01-08 22:31:00,94782.44,94856.22,94782.44,94856.21,7.5779
2025-01-08 22:32:00,94856.21,94937.84,94856.21,94889.14,8.351
2025-01-08 22:33:00,94889.88,94895.88,94813.65,94822.21,11.49574
2025-01-08 22:34:00,94822.21,94918.29,94822.2,94902.22,10.53072
2025-01-08 22:35:00,94902.23,94944.91,94902.22,94944.91,3.21762
2025-01-08 22:36:00,94944.91,94986.0,94944.91,94945.66,13.39626
2025-01-08 22:37:00,94945.66,94996.87,94945.66,94996.87,6.20329
2025-01-08 22:38:00,94996.87,95040.01,94996.86,95040.01,23.91431
2025-01-08 22:39:00,95040.01,95040.01,95013.96,95032.06,6.56846
2025-01-08 22:40:00,95032.06,95100.0,95032.06,95099.99,12.29415
2025-01-08 22:41:00,95099.99,95147.01,95099.99,95139.03,15.48582
2025-01-08 22:42:00,95139.02,95224.0,95139.02,95204.77,27.80972
2025-01-08 22:43:00,95204.78,95245.08,95203.47,95245.08,27.86218
2025-01-08 22:44:00,95245.07,95261.81,95245.07,95259.58,9.37169
2025-01-08 22:45:00,95259.57,95259.58,95076.75,95141.82,19.65859
2025-01-08 22:46:00,95141.82,95141.83,95028.46,95045.6,16.15706
2025-01-08 22:47:00,95045.61,95181.43,95045.6,95181.42,14.05022
2025-01-08 22:48:00,95181.43,95187.93,95069.69,95069.69,16.99673
2025-01-08 22:49:00,95069.7,95079.23,95042.53,95079.23,6.96149
2025-01-08 22:50:00,95079.23,95100.77,95055.23,95055.23,13.31599
2025-01-08 22:51:00,95055.23,95055.24,94902.22,94962.07,17.97692
2025-01-08 22:52:00,94962.1,94969.7,94923.44,94969.7,6.02854
2025-01-08 22:53:00,94969.69,95059.7,94969.69,95059.7,7.51782
2025-01-08 22:54:00,95059.69,95115.85,95059.69,95115.83,5.18576
2025-01-08 22:55:00,95115.84,95133.42,95114.92,95133.42,5.65838
2025-01-08 22:56:00,95133.42,95219.79,95133.42,95219.79,8.88123
2025-01-08 22:57:00,95219.78,95236.27,95219.78,95236.27,3.65628
2025-01-08 22:58:00,95236.26,95268.9,95236.26,95268.9,6.61184
2025-01-08 22:59:00,95268.9,95290.99,95268.89,95290.93,7.52752
2025-01-08 23:00:00,95290.93,95310.94,95092.85,95104.36,43.49871
2025-01-08 23:01:00,95104.35,95129.94,95036.01,95129.94,13.66057
2025-01-08 23:02:00,95129.94,95133.33,95128.74,95128.74,3.68157
2025-01-08 23:03:00,95128.74,95128.74,95002.89,95020.29,17.16561
2025-01-08 23:04:00,95020.28,95020.29,94965.9,95010.62,10.49507
2025-01-08 23:05:00,95010.63,95059.68,94969.23,94969.24,7.46613
2025-01-08 23:06:00,94969.23,95034.42,94969.23,95033.84,7.55176
2025-01-08 23:07:00,95033.85,95114.67,95033.85,95064.54,16.17251
2025-01-08 23:08:00,95064.54,95109.08,95064.53,95078.87,9.29796
2025-01-08 23:09:00,95078.88,95078.88,95037.56,95048.83,13.89969
2025-01-08 23:10:00,95048.83,95048.84,95042.62,95042.62,1.7736
2025-01-08 23:11:00,95042.62,95061.54,94967.61,94984.21,19.03775
2025-01-08 23:12:00,94984.21,95007.63,94950.0,95006.26,14.59324
2025-01-08 23:13:00,95006.25,95006.32,94950.03,94986.42,8.13518
2025-01-08 23:14:00,94986.42,95012.0,94986.42,95012.0,12.80661
2025-01-08 23:15:00,95012.0,95055.12,95011.99,95055.11,10.61498
2025-01-08 23:16:00,95055.11,95061.85,95019.27,95040.62,11.33901
2025-01-08 23:17:00,95040.62,95040.62,95000.0,95000.0,6.79559
2025-01-08 23:18:00,95000.01,95049.38,95000.0,95014.75,5.12126
2025-01-08 23:19:00,95014.74,95060.61,95014.74,95021.4,5.16573
2025-01-08 23:20:00,95021.41,95033.56,95021.41,95033.56,3.07192
2025-01-08 23:21:00,95033.56,95033.83,94966.64,94966.64,17.23972
2025-01-08 23:22:00,94966.64,94966.65,94950.64,94950.64,5.21566
2025-01-08 23:23:00,94950.64,95060.61,94950.64,95040.33,16.22453
2025-01-08 23:24:00,95040.81,95060.61,95026.44,95026.44,6.16246
2025-01-08 23:25:00,95026.44,95056.72,95023.01,95056.71,1.95057
2025-01-08 23:26:00,95056.71,95063.33,95020.05,95036.34,11.55872
2025-01-08 23:27:00,95036.34,95051.31,95018.46,95021.22,5.52599
2025-01-08 23:28:00,95021.22,95028.48,95021.21,95028.48,2.12843
2025-01-08 23:29:00,95028.48,95028.48,95028.47,95028.47,0.596
2025-01-08 23:30:00,95028.47,95054.48,94970.59,94970.59,14.37876
2025-01-08 23:31:00,94970.6,94977.12,94946.47,94946.48,2.95961
2025-01-08 23:32:00,94946.47,94946.48,94900.0,94925.23,6.67537
2025-01-08 23:33:00,94925.23,94989.43,94916.27,94989.42,8.79012
2025-01-08 23:34:00,94989.42,95019.73,94989.42,95002.34,6.71068
2025-01-08 23:35:00,95002.33,95002.34,94962.01,94979.53,7.49739
2025-01-08 23:36:00,94979.53,95032.41,94979.52,94979.87,12.23834
2025-01-08 23:37:00,94979.87,95034.46,94979.86,95034.46,10.03738
2025-01-08 23:38:00,95034.46,95109.14,95034.46,95093.21,11.47127
2025-01-08 23:39:00,95093.21,95121.38,95093.21,95099.42,4.28222
2025-01-08 23:40:00,95099.42,95099.43,95085.28,95085.28,7.51829
2025-01-08 23:41:00,95085.28,95085.29,94997.48,95001.36,4.25211
2025-01-08 23:42:00,95001.37,95039.0,95001.36,95038.99,5.53798
2025-01-08 23:43:00,95038.99,95092.76,95038.99,95092.76,2.61244
2025-01-08 23:44:00,95092.76,95119.53,95092.76,95117.23,3.54452
2025-01-08 23:45:00,95117.23,95117.24,95117.23,95117.23,1.06197
2025-01-08 23:46:00,95117.24,95151.52,95117.23,95151.52,11.37713
2025-01-08 23:47:00,95151.51,95224.94,95151.51,95224.93,8.40273
2025-01-08 23:48:00,95224.94,95239.99,95162.02,95164.98,12.26445
2025-01-08 23:49:00,95164.99,95194.34,95133.41,95133.42,26.21119
2025-01-08 23:50:00,95133.42,95201.51,95122.09,95122.09,10.5445
2025-01-08 23:51:00,95122.09,95180.4,95122.08,95128.07,5.76563
2025-01-08 23:52:00,95128.06,95128.06,95027.16,95027.17,6.73882
2025-01-08 23:53:00,95027.17,95059.85,95027.16,95059.84,7.80339
2025-01-08 23:54:00,95059.85,95060.0,95027.34,95059.99,3.64351
2025-01-08 23:55:00,95060.0,95060.0,95003.69,95037.44,13.12399
2025-01-08 23:56:00,95037.44,95060.61,95037.43,95060.6,7.69581
2025-01-08 23:57:00,95060.61,95060.61,95060.6,95060.61,0.67353
2025-01-08 23:58:00,95060.61,95100.0,95060.6,95068.16,41.21388
2025-01-08 23:59:00,95068.16,95088.52,95060.61,95060.61,4.33957
2025-01-09 00:00:00,95060.61,95060.61,94982.11,95031.64,28.89006
2025-01-09 00:01:00,95031.73,95046.35,95004.55,95004.55,7.7555
2025-01-09 00:02:00,95004.55,95020.0,94977.51,95015.35,6.6081
2025-01-09 00:03:00,95015.36,95028.9,94989.28,95004.64,7.83414
2025-01-09 00:04:00,95004.64,95014.05,94956.01,94956.02,11.25758
2025-01-09 00:05:00,94956.01,95015.33,94956.01,95015.33,4.07663
2025-01-09 00:06:00,95015.33,95033.83,95001.5,95001.51,7.17815
2025-01-09 00:07:00,95001.5,95054.35,94995.33,94995.33,9.21225
2025-01-09 00:08:00,94995.33,95012.0,94966.44,95008.72,8.80813
2025-01-09 00:09:00,95008.72,95008.73,94963.43,94963.44,3.52679
2025-01-09 00:10:00,94963.43,94975.19,94920.12,94920.13,13.37661
2025-01-09 00:11:00,94920.13,94969.69,94920.12,94951.2,6.71402
2025-01-09 00:12:00,94951.2,95002.85,94924.41,94924.41,7.52461
2025-01-09 00:13:00,94924.41,94954.76,94900.26,94954.76,5.85654
2025-01-09 00:14:00,94954.75,94954.75,94931.61,94949.18,3.35835
2025-01-09 00:15:00,94949.17,94997.23,94949.17,94997.23,5.37661
2025-01-09 00:16:00,94997.23,94997.23,94920.33,94931.04,5.31884
2025-01-09 00:17:00,94931.03,94931.04,94879.29,94902.04,6.34285
2025-01-09 00:18:00,94902.04,95002.73,94899.01,95002.73,8.98724
2025-01-09 00:19:00,95002.73,95077.09,94994.46,95077.09,7.94758
2025-01-09 00:20:00,95077.09,95077.09,94970.42,94970.42,12.31502
2025-01-09 00:21:00,94970.42,94970.43,94897.59,94897.59,4.82018
2025-01-09 00:22:00,94897.58,94923.89,94872.67,94872.67,7.38607
2025-01-09 00:23:00,94872.67,94939.4,94850.64,94939.38,8.52839
2025-01-09 00:24:00,94939.39,94954.87,94939.38,94954.87,4.02277
2025-01-09 00:25:00,94954.87,94995.09,94942.42,94995.09,6.28305
2025-01-09 00:26:00,94995.09,94995.09,94871.43,94883.29,8.3857
2025-01-09 00:27:00,94883.28,94883.95,94820.0,94826.92,12.97634
2025-01-09 00:28:00,94826.92,94855.24,94809.07,94855.23,7.46624
2025-01-09 00:29:00,94855.24,94880.0,94855.23,94880.0,3.90627
2025-01-09 00:30:00,94880.0,94983.28,94879.99,94952.44,11.373
2025-01-09 00:31:00,94952.43,94999.2,94926.01,94948.29,8.00384
2025-01-09 00:32:00,94948.3,94985.96,94897.99,94963.98,12.61031
2025-01-09 00:33:00,94963.99,94992.19,94928.0,94989.08,9.89318
2025-01-09 00:34:00,94990.03,94997.77,94879.87,94895.55,41.68165
2025-01-09 00:35:00,94895.55,94934.75,94855.09,94872.83,12.96988
2025-01-09 00:36:00,94872.83,94912.48,94859.59,94878.82,14.43453
2025-01-09 00:37:00,94878.83,94927.25,94848.57,94869.86,4.06633
2025-01-09 00:38:00,94869.85,94877.39,94823.52,94823.53,5.13172
2025-01-09 00:39:00,94823.53,94899.44,94823.53,94899.43,7.47048
2025-01-09 00:40:00,94899.43,94984.71,94872.52,94925.58,34.39168
2025-01-09 00:41:00,94925.58,94935.57,94909.81,94935.57,10.99448
2025-01-09 00:42:00,94935.56,94977.73,94916.48,94961.55,7.68242
2025-01-09 00:43:00,94961.55,94979.99,94960.51,94979.98,4.27369
2025-01-09 00:44:00,94979.99,95000.0,94979.98,95000.0,2.61656
2025-01-09 00:45:00,95000.0,95050.0,94979.98,94987.56,14.90163
2025-01-09 00:46:00,94987.56,95050.0,94987.56,95033.86,5.3843
2025-01-09 00:47:00,95033.86,95095.91,95033.86,95066.74,5.71583
2025-01-09 00:48:00,95066.75,95081.73,95048.82,95053.67,17.83372
2025-01-09 00:49:00,95053.68,95054.94,95000.0,95035.52,15.73007
2025-01-09 00:50:00,95035.52,95043.89,94991.26,95037.67,9.84723
2025-01-09 00:51:00,95037.67,95060.6,95015.6,95060.59,5.81989
2025-01-09 00:52:00,95060.58,95116.0,95048.87,95072.29,10.07383
2025-01-09 00:53:00,95072.29,95090.0,95050.0,95050.01,5.78488
2025-01-09 00:54:00,95050.01,95050.01,95030.3,95046.68,3.8287
2025-01-09 00:55:00,95046.67,95046.68,95030.3,95046.68,4.31011
2025-01-09 00:56:00,95046.68,95080.99,95046.67,95062.01,3.67316
2025-01-09 00:57:00,95062.01,95090.0,95062.0,95090.0,6.16083
2025-01-09 00:58:00,95090.0,95121.22,95089.99,95121.21,2.42253
2025-01-09 00:59:00,95121.22,95150.0,95104.1,95135.3,11.04112
2025-01-09 01:00:00,95135.3,95200.0,95090.9,95113.34,24.32575
2025-01-09 01:01:00,95113.35,95178.47,95113.34,95155.95,8.70551
2025-01-09 01:02:00,95155.63,95200.0,95155.63,95200.0,9.16562
2025-01-09 01:03:00,95200.0,95225.4,95184.05,95184.05,17.64383
2025-01-09 01:04:00,95184.05,95195.4,95169.09,95188.02,9.7705
2025-01-09 01:05:00,95188.01,95198.48,95168.49,95173.23,19.14724
2025-01-09 01:06:00,95173.24,95227.5,95173.24,95199.49,39.51539
2025-01-09 01:07:00,95199.49,95215.06,95122.25,95122.25,9.86611
2025-01-09 01:08:00,95122.25,95130.03,95060.61,95060.62,11.77802
2025-01-09 01:09:00,95060.62,95089.69,95042.91,95075.17,8.9832
2025-01-09 01:10:00,95075.16,95075.17,94973.78,94988.45,5.43687
2025-01-09 01:11:00,94988.45,95036.93,94983.3,95009.95,7.17574
2025-01-09 01:12:00,95009.96,95060.61,95009.96,95060.61,4.39913
2025-01-09 01:13:00,95060.61,95099.24,95045.5,95099.24,7.42399
2025-01-09 01:14:00,95099.24,95158.91,95099.23,95133.37,3.75512
2025-01-09 01:15:00,95133.37,95187.66,95133.37,95187.66,6.43274
2025-01-09 01:16:00,95187.66,95207.23,95169.58,95177.2,4.72733
2025-01-09 01:17:00,95177.21,95178.47,95140.0,95170.98,7.03305
2025-01-09 01:18:00,95170.98,95180.94,95164.87,95174.01,3.54217
2025-01-09 01:19:00,95174.01,95181.16,95163.8,95181.15,3.83998
2025-01-09 01:20:00,95181.16,95220.0,95181.16,95208.29,7.66219
2025-01-09 01:21:00,95208.3,95214.99,95192.55,95214.99,4.92751
2025-01-09 01:22:00,95214.99,95258.65,95214.98,95257.48,13.28554
2025-01-09 01:23:00,95257.49,95288.6,95249.0,95276.82,19.22279
2025-01-09 01:24:00,95276.81,95382.32,95276.81,95344.11,18.14773
2025-01-09 01:25:00,95344.11,95359.3,95312.71,95359.3,35.28017
2025-01-09 01:26:00,95359.29,95361.84,95275.2,95310.36,11.24881
2025-01-09 01:27:00,95310.37,95310.37,95206.68,95229.19,10.28351
2025-01-09 01:28:00,95229.19,95257.62,95217.87,95232.42,5.2463
2025-01-09 01:29:00,95232.41,95272.72,95232.41,95261.84,6.22865
2025-01-09 01:30:00,95261.83,95261.84,95176.58,95182.28,15.97644
2025-01-09 01:31:00,95182.29,95182.29,95124.0,95124.01,8.01977
2025-01-09 01:32:00,95124.01,95212.13,95124.0,95212.13,12.97275
2025-01-09 01:33:00,95212.13,95250.29,95212.13,95242.43,9.22333
2025-01-09 01:34:00,95242.42,95242.43,95210.24,95212.35,14.10464
2025-01-09 01:35:00,95212.35,95226.59,95210.25,95225.17,11.59863
2025-01-09 01:36:00,95225.17,95225.17,95200.94,95211.4,6.16595
2025-01-09 01:37:00,95211.41,95261.29,95200.0,95204.54,8.90353
2025-01-09 01:38:00,95204.54,95204.54,95160.16,95169.92,11.55627
2025-01-09 01:39:00,95169.92,95201.41,95156.37,95156.96,6.30547
2025-01-09 01:40:00,95156.96,95204.0,95156.96,95204.0,7.43542
2025-01-09 01:41:00,95203.99,95212.13,95159.96,95175.63,6.00726
2025-01-09 01:42:00,95175.63,95186.14,95175.62,95185.56,6.30479
2025-01-09 01:43:00,95185.56,95228.0,95144.0,95144.0,7.2959
2025-01-09 01:44:00,95144.0,95144.01,95078.42,95111.01,11.90592
2025-01-09 01:45:00,95111.01,95111.01,95073.9,95073.9,7.78145
2025-01-09 01:46:00,95073.9,95073.9,95032.19,95067.83,7.70436
2025-01-09 01:47:00,95067.83,95067.89,95044.14,95048.77,11.49222
2025-01-09 01:48:00,95048.76,95048.77,95004.0,95017.54,8.37543
2025-01-09 01:49:00,95017.55,95036.07,95004.7,95036.07,7.80798
2025-01-09 01:50:00,95036.07,95052.52,95024.0,95024.01,8.80691
2025-01-09 01:51:00,95024.01,95057.85,95024.0,95057.85,4.24735
2025-01-09 01:52:00,95057.84,95060.61,95003.01,95011.99,5.58624
2025-01-09 01:53:00,95011.99,95014.74,95011.3,95011.31,5.8823
2025-01-09 01:54:00,95011.31,95060.59,95011.31,95027.73,5.00452
2025-01-09 01:55:00,95027.73,95039.77,95000.0,95003.32,3.86976
2025-01-09 01:56:00,95003.32,95038.58,95000.0,95000.01,16.01974
2025-01-09 01:57:00,95000.01,95000.98,94985.74,94988.75,4.76099
2025-01-09 01:58:00,94988.74,94988.75,94966.66,94966.82,9.31251
2025-01-09 01:59:00,94966.81,94983.83,94966.81,94983.82,2.13346
2025-01-09 02:00:00,94983.82,95030.31,94946.0,94946.01,15.48176
2025-01-09 02:01:00,94946.01,95014.25,94946.01,94995.82,11.88305
2025-01-09 02:02:00,94995.83,94995.83,94913.04,94939.97,9.58569
2025-01-09 02:03:00,94939.97,94967.54,94939.96,94943.0,8.14533
2025-01-09 02:04:00,94943.0,94969.82,94942.99,94969.82,6.227
2025-01-09 02:05:00,94969.81,94969.81,94923.12,94928.0,7.74172
2025-01-09 02:06:00,94928.01,94931.72,94554.24,94609.1,100.77073
2025-01-09 02:07:00,94609.1,94655.99,93828.0,93896.0,461.13854
2025-01-09 02:08:00,93895.99,94091.48,93682.68,94091.48,210.87608
2025-01-09 02:09:00,94091.48,94221.8,93904.4,93911.36,120.38235
2025-01-09 02:10:00,93911.36,94046.17,93859.11,93859.11,85.58653
2025-01-09 02:11:00,93859.11,93881.8,93682.63,93761.26,127.79357
2025-01-09 02:12:00,93761.27,93810.41,93422.89,93639.18,301.62074
2025-01-09 02:13:00,93638.72,94172.0,93593.38,94066.21,201.64643
2025-01-09 02:14:00,94066.21,94252.63,94044.08,94079.21,78.1046
2025-01-09 02:15:00,94079.21,94466.66,94057.79,94257.24,84.15011
2025-01-09 02:16:00,94257.24,94679.69,94251.83,94418.67,162.7921
2025-01-09 02:17:00,94418.67,94455.98,94270.54,94287.77,85.4228
2025-01-09 02:18:00,94287.76,94371.38,94225.23,94235.71,81.52769
2025-01-09 02:19:00,94235.72,94352.08,94180.0,94352.08,103.6818
2025-01-09 02:20:00,94352.07,94545.46,94326.63,94536.23,52.76023
2025-01-09 02:21:00,94536.23,94540.0,94400.0,94468.45,102.32937
2025-01-09 02:22:00,94468.46,94499.99,94419.29,94486.48,25.9386
2025-01-09 02:23:00,94486.47,94486.47,94383.21,94383.21,21.25507
2025-01-09 02:24:00,94383.06,94398.51,94345.56,94360.9,25.12365
2025-01-09 02:25:00,94360.45,94363.29,94257.22,94259.04,17.10092
2025-01-09 02:26:00,94259.05,94286.99,94206.84,94284.03,22.61005
2025-01-09 02:27:00,94284.02,94361.67,94267.55,94361.66,14.78753
2025-01-09 02:28:00,94361.66,94436.33,94361.66,94418.4,19.1344
2025-01-09 02:29:00,94418.41,94495.18,94418.41,94484.36,22.81994
2025-01-09 02:30:00,94484.36,94568.0,94484.36,94528.0,33.32884
2025-01-09 02:31:00,94528.01,94528.01,94336.22,94364.0,50.31912
2025-01-09 02:32:00,94363.99,94364.0,94263.15,94279.06,27.39311
2025-01-09 02:33:00,94279.05,94327.29,94271.49,94326.33,7.93432
2025-01-09 02:34:00,94326.34,94358.74,94326.33,94356.42,10.83876
2025-01-09 02:35:00,94356.42,94393.84,94328.0,94328.01,31.07508
2025-01-09 02:36:00,94328.01,94471.42,94328.01,94408.57,35.68665
2025-01-09 02:37:00,94408.57,94447.41,94408.56,94446.48,13.74103
2025-01-09 02:38:00,94446.49,94473.28,94410.63,94443.88,16.69255
2025-01-09 02:39:00,94443.87,94467.3,94400.0,94447.37,28.83123
2025-01-09 02:40:00,94447.37,94660.0,94447.36,94651.51,59.2313
2025-01-09 02:41:00,94651.51,94749.7,94628.8,94702.99,32.07001
2025-01-09 02:42:00,94703.0,94767.91,94696.92,94751.61,29.83517
2025-01-09 02:43:00,94751.6,94803.63,94745.01,94778.93,16.25986
2025-01-09 02:44:00,94778.92,94805.57,94728.18,94805.56,36.00787
2025-01-09 02:45:00,94805.56,94878.52,94780.0,94819.17,31.67108
2025-01-09 02:46:00,94819.16,94819.16,94698.08,94698.08,22.00888
2025-01-09 02:47:00,94698.09,94743.88,94672.75,94712.1,15.56715
2025-01-09 02:48:00,94712.1,94744.0,94685.0,94685.01,10.28708
2025-01-09 02:49:00,94685.0,94685.01,94653.47,94678.89,7.85866
2025-01-09 02:50:00,94678.88,94696.32,94653.0,94653.0,8.12081
2025-01-09 02:51:00,94653.0,94738.87,94653.0,94738.86,13.65234
2025-01-09 02:52:00,94738.87,94738.87,94709.8,94709.81,6.27198
2025-01-09 02:53:00,94709.81,94720.14,94700.0,94700.01,9.31506
2025-01-09 02:54:00,94700.0,94700.01,94676.71,94695.1,9.22307
2025-01-09 02:55:00,94695.1,94725.93,94663.45,94713.0,9.3238
2025-01-09 02:56:00,94713.0,94727.04,94670.39,94683.14,8.82539
2025-01-09 02:57:00,94683.13,94699.14,94683.13,94692.03,1.95296
2025-01-09 02:58:00,94692.03,94710.99,94679.11,94694.47,15.79224
2025-01-09 02:59:00,94694.47,94819.99,94694.47,94776.99,31.68297
2025-01-09 03:00:00,94777.0,94800.69,94699.7,94699.7,14.9469
2025-01-09 03:01:00,94699.69,94740.51,94653.01,94653.02,9.84389
2025-01-09 03:02:00,94653.02,94653.02,94546.26,94590.52,49.16925
2025-01-09 03:03:00,94590.52,94649.16,94572.38,94586.76,14.51047
2025-01-09 03:04:00,94586.76,94644.19,94563.59,94563.6,15.87743
2025-01-09 03:05:00,94563.6,94563.6,94439.19,94465.48,50.91914
2025-01-09 03:06:00,94465.47,94465.48,94379.58,94380.0,20.3636
2025-01-09 03:07:00,94380.0,94388.48,94270.75,94270.75,32.56454
2025-01-09 03:08:00,94270.76,94350.0,94268.47,94350.0,31.54368
2025-01-09 03:09:00,94350.0,94405.26,94334.1,94334.11,57.66606
2025-01-09 03:10:00,94334.11,94334.11,94256.44,94287.01,26.62049
2025-01-09 03:11:00,94287.0,94334.11,94284.95,94316.43,11.15852
2025-01-09 03:12:00,94316.44,94344.66,94306.64,94338.81,35.90922
2025-01-09 03:13:00,94338.81,94380.92,94294.64,94380.92,18.69781
2025-01-09 03:14:00,94380.91,94391.39,94363.64,94363.65,9.96
2025-01-09 03:15:00,94363.65,94393.91,94350.89,94375.08,37.18723
2025-01-09 03:16:00,94375.08,94375.08,94314.85,94316.56,29.69941
2025-01-09 03:17:00,94316.57,94352.14,94312.0,94352.14,23.70245
2025-01-09 03:18:00,94352.13,94478.77,94352.13,94478.76,14.19802
2025-01-09 03:19:00,94478.76,94525.44,94472.31,94493.68,14.5452
2025-01-09 03:20:00,94493.67,94515.88,94466.46,94506.34,22.62294
2025-01-09 03:21:00,94506.33,94511.12,94472.01,94478.98,8.78354
2025-01-09 03:22:00,94478.99,94528.0,94478.98,94525.66,14.51054
2025-01-09 03:23:00,94525.66,94525.66,94490.4,94516.08,11.75168
2025-01-09 03:24:00,94516.08,94516.08,94462.31,94462.31,19.23588
2025-01-09 03:25:00,94462.25,94471.71,94453.72,94471.7,24.447
2025-01-09 03:26:00,94471.7,94473.0,94365.44,94383.17,23.23311
2025-01-09 03:27:00,94383.16,94422.19,94365.44,94422.18,15.63887
2025-01-09 03:28:00,94422.19,94422.19,94386.31,94402.96,30.06166
2025-01-09 03:29:00,94402.96,94402.96,94356.49,94356.5,13.9575
2025-01-09 03:30:00,94356.5,94356.5,94271.85,94299.76,16.40534
2025-01-09 03:31:00,94299.75,94299.76,94249.95,94251.61,17.7284
2025-01-09 03:32:00,94251.66,94288.03,94233.74,94288.03,15.19078
2025-01-09 03:33:00,94288.03,94315.25,94278.0,94315.25,5.62223
2025-01-09 03:34:00,94315.25,94366.99,94315.24,94332.34,13.50936
2025-01-09 03:35:00,94332.34,94358.7,94331.33,94358.7,4.47272
2025-01-09 03:36:00,94358.7,94358.7,94233.36,94241.16,20.48377
2025-01-09 03:37:00,94241.15,94256.0,94177.02,94214.22,14.45121
2025-01-09 03:38:00,94214.22,94237.83,94214.21,94220.4,3.51414
2025-01-09 03:39:00,94220.4,94300.0,94220.39,94300.0,10.24593
2025-01-09 03:40:00,94300.0,94319.04,94299.99,94302.09,5.8997
2025-01-09 03:41:00,94302.08,94302.09,94258.28,94295.7,18.84878
2025-01-09 03:42:00,94295.7,94295.7,94242.42,94260.2,15.29164
2025-01-09 03:43:00,94260.2,94260.2,94207.12,94207.13,5.70312
2025-01-09 03:44:00,94207.12,94220.0,94168.02,94180.24,14.82376
2025-01-09 03:45:00,94180.23,94224.88,94169.47,94214.83,18.69072
2025-01-09 03:46:00,94214.82,94239.55,94198.99,94202.71,15.09272
2025-01-09 03:47:00,94202.71,94249.99,94194.12,94235.32,5.90029
2025-01-09 03:48:00,94235.32,94235.32,94172.0,94172.01,11.76574
2025-01-09 03:49:00,94172.0,94180.86,94148.05,94161.56,7.61713
2025-01-09 03:50:00,94161.55,94161.56,94104.5,94104.5,5.71169
2025-01-09 03:51:00,94104.51,94113.94,94099.84,94099.98,10.4197
2025-01-09 03:52:00,94099.98,94099.99,94038.8,94072.69,35.59813
2025-01-09 03:53:00,94072.68,94117.2,94056.41,94109.35,13.01465
2025-01-09 03:54:00,94109.35,94134.11,94105.26,94134.11,7.01082
2025-01-09 03:55:00,94134.11,94135.34,94105.27,94113.1,4.62906
2025-01-09 03:56:00,94113.1,94130.87,94113.09,94113.11,6.01492
2025-01-09 03:57:00,94113.11,94113.11,94036.0,94036.0,9.60106
2025-01-09 03:58:00,94036.01,94079.84,94036.0,94045.4,9.00475
2025-01-09 03:59:00,94045.39,94045.4,94017.93,94027.9,5.95607
2025-01-09 04:00:00,94027.91,94050.32,94015.45,94044.78,11.37043
2025-01-09 04:01:00,94044.78,94044.78,94008.99,94033.37,10.84318
2025-01-09 04:02:00,94033.36,94053.86,94020.82,94053.86,5.01476
2025-01-09 04:03:00,94053.85,94053.86,94016.0,94041.39,11.47342
2025-01-09 04:04:00,94041.39,94041.39,94018.18,94031.95,2.83646
2025-01-09 04:05:00,94031.96,94041.39,94008.2,94041.39,9.31799
2025-01-09 04:06:00,94041.39,94113.04,94041.39,94113.04,8.86497
2025-01-09 04:07:00,94113.04,94141.52,94079.4,94127.59,11.96268
2025-01-09 04:08:00,94127.58,94128.58,94100.33,94100.33,8.0274
2025-01-09 04:09:00,94100.33,94100.33,94080.53,94080.53,2.4442
2025-01-09 04:10:00,94080.53,94080.54,93979.84,93991.09,14.56662
2025-01-09 04:11:00,93991.08,93991.09,93929.05,93929.05,14.87589
2025-01-09 04:12:00,93928.9,93928.9,93896.0,93896.01,13.34746
2025-01-09 04:13:00,93896.0,93917.67,93880.95,93880.96,8.67703
2025-01-09 04:14:00,93880.96,93892.59,93851.0,93851.01,9.2106
2025-01-09 04:15:00,93851.01,93864.83,93799.84,93864.82,62.98146
2025-01-09 04:16:00,93864.82,93918.56,93864.82,93868.0,15.0314
2025-01-09 04:17:00,93868.01,93868.01,93796.99,93802.09,8.80525
2025-01-09 04:18:00,93802.08,93921.65,93802.08,93921.65,10.98343
2025-01-09 04:19:00,93921.65,93995.98,93921.64,93937.35,12.8191
2025-01-09 04:20:00,93937.35,93968.0,93864.02,93968.0,10.039
2025-01-09 04:21:00,93968.0,94019.85,93957.15,94015.02,7.98263
2025-01-09 04:22:00,94015.03,94038.92,93981.71,94026.51,11.58651
2025-01-09 04:23:00,94026.51,94039.86,94018.07,94039.36,6.98319
2025-01-09 04:24:00,94039.36,94039.37,94009.46,94035.75,7.32129
2025-01-09 04:25:00,94035.93,94089.45,94030.25,94089.45,13.43903
2025-01-09 04:26:00,94089.45,94129.61,94058.63,94073.17,55.84015
2025-01-09 04:27:00,94073.17,94073.17,94038.68,94053.26,16.44454
2025-01-09 04:28:00,94053.26,94198.36,94053.26,94176.65,33.03103
2025-01-09 04:29:00,94176.65,94193.56,94170.92,94170.93,13.85046
2025-01-09 04:30:00,94170.93,94310.3,94170.93,94269.13,37.21351
2025-01-09 04:31:00,94269.12,94269.13,94228.17,94228.17,6.40799
2025-01-09 04:32:00,94228.17,94266.27,94228.17,94266.27,7.51329
2025-01-09 04:33:00,94266.26,94268.0,94235.43,94235.44,5.09345
2025-01-09 04:34:00,94235.44,94235.44,94204.09,94223.87,8.32423
2025-01-09 04:35:00,94223.87,94223.87,94139.5,94174.6,12.67243
2025-01-09 04:36:00,94174.61,94183.77,94129.99,94183.76,8.28154
2025-01-09 04:37:00,94183.77,94197.06,94172.68,94172.69,6.95169
2025-01-09 04:38:00,94172.69,94300.01,94172.69,94282.02,23.70753
2025-01-09 04:39:00,94282.02,94375.12,94282.02,94375.12,10.08377
2025-01-09 04:40:00,94375.11,94388.64,94329.21,94329.22,6.82234
2025-01-09 04:41:00,94329.22,94354.78,94329.21,94354.76,3.99989
2025-01-09 04:42:00,94354.77,94386.31,94342.93,94386.31,4.70979
2025-01-09 04:43:00,94386.31,94388.19,94386.3,94388.19,1.26157
2025-01-09 04:44:00,94388.19,94388.19,94335.5,94335.51,7.39028
2025-01-09 04:45:00,94335.51,94343.39,94335.51,94343.38,6.2685
2025-01-09 04:46:00,94343.38,94414.71,94343.37,94409.49,11.80008
2025-01-09 04:47:00,94409.48,94414.58,94372.01,94372.01,5.04934
2025-01-09 04:48:00,94372.0,94372.39,94305.35,94305.35,9.91488
2025-01-09 04:49:00,94305.36,94305.36,94266.15,94293.39,5.73827
2025-01-09 04:50:00,94293.39,94314.34,94280.0,94280.34,5.21626
2025-01-09 04:51:00,94280.33,94296.48,94269.12,94289.67,9.30779
2025-01-09 04:52:00,94289.67,94289.67,94271.11,94280.83,6.28126
2025-01-09 04:53:00,94280.83,94294.78,94280.0,94294.78,4.07968
2025-01-09 04:54:00,94294.78,94333.34,94283.11,94333.34,3.24601
2025-01-09 04:55:00,94333.34,94344.94,94333.34,94344.93,1.01428
2025-01-09 04:56:00,94344.93,94459.98,94344.93,94459.98,10.42822
2025-01-09 04:57:00,94459.98,94478.26,94459.97,94468.01,4.97865
2025-01-09 04:58:00,94468.0,94487.74,94419.77,94419.77,19.12196
2025-01-09 04:59:00,94419.78,94448.01,94419.77,94424.24,3.29801
2025-01-09 05:00:00,94424.24,94434.59,94364.0,94364.01,7.29
2025-01-09 05:01:00,94364.01,94372.95,94341.93,94372.95,5.79365
2025-01-09 05:02:00,94373.49,94391.07,94344.89,94344.9,5.15279
2025-01-09 05:03:00,94344.89,94344.9,94302.98,94312.92,3.5695
2025-01-09 05:04:00,94312.91,94321.05,94297.29,94297.29,4.02656
2025-01-09 05:05:00,94297.3,94319.46,94297.29,94319.46,2.95785
2025-01-09 05:06:00,94319.45,94326.57,94297.29,94297.42,6.4432
2025-01-09 05:07:00,94297.41,94452.0,94297.41,94442.4,53.24302
2025-01-09 05:08:00,94442.4,94454.55,94411.62,94424.89,5.28899
2025-01-09 05:09:00,94424.9,94441.35,94402.17,94436.12,8.44207
2025-01-09 05:10:00,94436.11,94437.97,94401.06,94401.06,1.72676
2025-01-09 05:11:00,94401.06,94401.07,94280.65,94280.65,12.10775
2025-01-09 05:12:00,94280.66,94331.15,94280.65,94318.98,4.18747
2025-01-09 05:13:00,94318.99,94332.49,94308.22,94332.49,4.66738
2025-01-09 05:14:00,94332.48,94358.84,94332.48,94358.84,1.72674
2025-01-09 05:15:00,94358.83,94358.84,94322.0,94322.0,5.41677
2025-01-09 05:16:00,94322.0,94336.18,94315.33,94326.71,2.01718
2025-01-09 05:17:00,94326.71,94347.96,94326.71,94326.71,5.00346
2025-01-09 05:18:00,94326.72,94358.84,94326.71,94352.75,10.02442
2025-01-09 05:19:00,94352.62,94352.62,94324.34,94324.35,3.90823
2025-01-09 05:20:00,94324.35,94354.0,94312.0,94354.0,2.44644
2025-01-09 05:21:00,94354.0,94358.84,94348.05,94358.84,1.39159
2025-01-09 05:22:00,94358.83,94400.0,94355.13,94400.0,12.30036
2025-01-09 05:23:00,94400.0,94400.0,94399.99,94400.0,0.70028
2025-01-09 05:24:00,94400.0,94431.07,94399.99,94431.07,1.29048
2025-01-09 05:25:00,94431.07,94469.07,94431.06,94469.06,3.96874
2025-01-09 05:26:00,94469.07,94537.98,94469.06,94531.52,9.88035
2025-01-09 05:27:00,94531.52,94537.9,94498.01,94498.02,11.43098
2025-01-09 05:28:00,94498.01,94510.78,94466.58,94479.12,5.7523
2025-01-09 05:29:00,94479.12,94500.0,94469.99,94492.01,1.82295
2025-01-09 05:30:00,94492.01,94492.01,94482.06,94482.06,3.22089
2025-01-09 05:31:00,94482.07,94536.0,94479.12,94530.38,3.66195
2025-01-09 05:32:00,94530.39,94530.39,94508.28,94508.3,4.47195
2025-01-09 05:33:00,94508.3,94532.55,94492.01,94513.07,4.8333
2025-01-09 05:34:00,94513.08,94531.17,94500.01,94531.17,2.4005
2025-01-09 05:35:00,94531.17,94531.17,94502.19,94520.75,4.03365
2025-01-09 05:36:00,94520.75,94530.95,94480.0,94480.0,3.76476
2025-01-09 05:37:00,94480.0,94480.01,94456.53,94456.54,2.42872
2025-01-09 05:38:00,94456.53,94458.09,94435.04,94437.89,3.80985
2025-01-09 05:39:00,94437.89,94443.76,94432.8,94439.32,5.12702
2025-01-09 05:40:00,94439.32,94471.37,94439.32,94459.89,10.43422
2025-01-09 05:41:00,94459.88,94460.12,94442.92,94460.12,6.66107
2025-01-09 05:42:00,94460.11,94467.43,94405.5,94406.77,6.98497
2025-01-09 05:43:00,94406.76,94433.18,94406.76,94417.72,2.64665
2025-01-09 05:44:00,94417.73,94426.57,94412.29,94426.56,4.33718
2025-01-09 05:45:00,94426.57,94468.5,94426.57,94450.79,2.52451
2025-01-09 05:46:00,94450.79,94461.85,94423.38,94423.38,5.18215
2025-01-09 05:47:00,94423.39,94423.39,94371.06,94403.99,6.93693
2025-01-09 05:48:00,94403.99,94404.0,94371.67,94391.48,8.86289
2025-01-09 05:49:00,94391.48,94435.34,94391.48,94435.34,3.54023
2025-01-09 05:50:00,94435.34,94461.84,94432.01,94449.23,5.84585
2025-01-09 05:51:00,94449.22,94464.0,94431.1,94464.0,12.84699
2025-01-09 05:52:00,94464.0,94543.9,94463.99,94543.89,7.30896
2025-01-09 05:53:00,94543.89,94566.64,94532.91,94549.35,6.20969
2025-01-09 05:54:00,94549.34,94549.35,94499.99,94499.99,2.53128
2025-01-09 05:55:00,94499.99,94500.0,94469.32,94472.74,2.3303
2025-01-09 05:56:00,94472.74,94496.0,94472.0,94472.0,3.5492
2025-01-09 05:57:00,94472.0,94472.01,94472.0,94472.01,1.74733
2025-01-09 05:58:00,94472.0,94477.5,94472.0,94477.5,2.46948
2025-01-09 05:59:00,94477.49,94477.5,94472.58,94472.58,3.25291
2025-01-09 06:00:00,94472.59,94515.16,94433.21,94433.21,7.8626
2025-01-09 06:01:00,94433.21,94465.53,94418.71,94419.34,8.67675
2025-01-09 06:02:00,94419.35,94428.88,94400.0,94400.0,2.29958
2025-01-09 06:03:00,94400.0,94400.01,94349.55,94370.81,24.82075
2025-01-09 06:04:00,94370.82,94370.82,94348.05,94366.32,7.35715
2025-01-09 06:05:00,94366.32,94414.14,94360.14,94360.14,4.71782
2025-01-09 06:06:00,94360.14,94360.15,94277.16,94288.1,16.03694
2025-01-09 06:07:00,94288.1,94359.14,94277.7,94347.98,2.786
2025-01-09 06:08:00,94347.98,94387.25,94347.97,94387.25,3.33299
2025-01-09 06:09:00,94387.25,94407.32,94363.63,94363.63,7.68318
2025-01-09 06:10:00,94363.63,94365.1,94337.92,94344.38,4.12013
2025-01-09 06:11:00,94344.38,94348.61,94337.92,94342.52,3.90524
2025-01-09 06:12:00,94342.51,94375.34,94342.51,94375.33,6.08615
2025-01-09 06:13:00,94375.33,94375.34,94333.33,94333.33,9.82305
2025-01-09 06:14:00,94333.33,94475.52,94329.78,94475.52,27.76837
2025-01-09 06:15:00,94475.52,94578.75,94475.51,94578.75,9.68774
2025-01-09 06:16:00,94578.74,94604.0,94565.71,94576.49,14.70648
2025-01-09 06:17:00,94576.5,94594.26,94576.5,94594.26,2.6407
2025-01-09 06:18:00,94594.25,94615.5,94567.08,94609.16,7.34852
2025-01-09 06:19:00,94609.16,94618.63,94576.0,94576.01,3.7431
2025-01-09 06:20:00,94576.0,94576.01,94500.01,94500.55,15.18857
2025-01-09 06:21:00,94500.54,94543.07,94500.54,94521.94,5.3793
2025-01-09 06:22:00,94521.93,94529.15,94504.18,94517.22,5.86306
2025-01-09 06:23:00,94516.87,94516.88,94443.44,94443.45,17.48524
2025-01-09 06:24:00,94443.45,94443.45,94389.1,94392.33,7.37061
2025-01-09 06:25:00,94392.34,94416.34,94392.26,94392.26,8.53264
2025-01-09 06:26:00,94392.27,94392.27,94352.03,94360.7,10.77204
2025-01-09 06:27:00,94360.7,94407.84,94337.19,94337.2,12.086
2025-01-09 06:28:00,94337.2,94376.47,94337.19,94359.09,6.6355
2025-01-09 06:29:00,94359.09,94398.62,94359.01,94393.13,6.58037
2025-01-09 06:30:00,94393.14,94438.94,94393.13,94411.68,13.62852
2025-01-09 06:31:00,94411.69,94411.69,94352.41,94399.58,4.84223
2025-01-09 06:32:00,94399.58,94399.58,94381.0,94381.0,2.10389
2025-01-09 06:33:00,94381.0,94381.01,94334.97,94342.05,7.03447
2025-01-09 06:34:00,94342.06,94363.64,94330.0,94363.63,3.98247
2025-01-09 06:35:00,94363.63,94363.64,94332.74,94342.5,5.82498
2025-01-09 06:36:00,94342.49,94349.3,94300.1,94346.73,17.95827
2025-01-09 06:37:00,94346.73,94346.74,94287.39,94288.99,9.01261
2025-01-09 06:38:00,94288.99,94289.0,94265.44,94288.71,5.62892
2025-01-09 06:39:00,94288.71,94315.98,94235.16,94253.56,16.68233
2025-01-09 06:40:00,94253.51,94268.0,94218.86,94242.64,7.88087
2025-01-09 06:41:00,94242.63,94279.5,94242.63,94260.38,4.91751
2025-01-09 06:42:00,94260.39,94299.99,94257.46,94277.98,9.04234
2025-01-09 06:43:00,94278.0,94278.0,94263.79,94263.8,4.39458
2025-01-09 06:44:00,94263.79,94281.45,94262.01,94273.33,3.34542
2025-01-09 06:45:00,94273.32,94359.91,94273.32,94350.17,8.23965
2025-01-09 06:46:00,94350.17,94350.17,94273.35,94316.0,5.65081
2025-01-09 06:47:00,94316.0,94325.7,94293.3,94295.27,7.25428
2025-01-09 06:48:00,94295.27,94295.28,94224.0,94224.01,15.89452
2025-01-09 06:49:00,94224.0,94224.01,94184.0,94191.24,8.18694
2025-01-09 06:50:00,94191.24,94217.48,94185.83,94185.84,6.02257
2025-01-09 06:51:00,94185.84,94228.0,94185.83,94212.98,5.86615
2025-01-09 06:52:00,94212.98,94212.99,94128.1,94135.78,8.79889
2025-01-09 06:53:00,94135.78,94150.0,94126.19,94150.0,5.60183
2025-01-09 06:54:00,94149.99,94168.0,94139.47,94139.48,3.64428
2025-01-09 06:55:00,94139.48,94139.48,94049.85,94095.7,25.40793
2025-01-09 06:56:00,94095.69,94105.6,94048.07,94064.71,12.35952
2025-01-09 06:57:00,94064.71,94092.51,94064.7,94091.97,6.92425
2025-01-09 06:58:00,94091.97,94116.0,94091.96,94115.99,3.81663
2025-01-09 06:59:00,94116.0,94118.57,94095.03,94095.03,4.39798
2025-01-09 07:00:00,94095.04,94095.04,94054.75,94085.91,16.41329
2025-01-09 07:01:00,94085.91,94156.06,94085.91,94127.64,9.24766
2025-01-09 07:02:00,94127.63,94187.22,94121.93,94172.93,5.79296
2025-01-09 07:03:00,94173.07,94196.0,94171.84,94194.27,4.17717
2025-01-09 07:04:00,94194.26,94260.0,94184.54,94259.99,15.60384
2025-01-09 07:05:00,94259.99,94299.22,94259.62,94299.22,7.69989
2025-01-09 07:06:00,94299.21,94299.21,94242.42,94242.43,4.19106
2025-01-09 07:07:00,94242.42,94242.42,94210.17,94210.17,2.56701
2025-01-09 07:08:00,94210.18,94210.18,94171.67,94172.3,3.18022
2025-01-09 07:09:00,94172.3,94233.43,94172.3,94192.52,6.84749
2025-01-09 07:10:00,94192.06,94204.97,94175.37,94175.38,10.73644
2025-01-09 07:11:00,94175.37,94219.24,94157.38,94219.24,6.78139
2025-01-09 07:12:00,94219.23,94219.24,94192.2,94192.21,2.18469
2025-01-09 07:13:00,94192.21,94192.21,94144.0,94144.0,4.77172
2025-01-09 07:14:00,94144.0,94144.01,94104.0,94116.13,4.45373
2025-01-09 07:15:00,94116.13,94142.62,94082.2,94142.61,6.86068
2025-01-09 07:16:00,94142.61,94154.38,94072.1,94072.11,8.16784
2025-01-09 07:17:00,94072.11,94072.11,94000.0,94017.8,26.06581
2025-01-09 07:18:00,94017.8,94027.8,93990.0,94009.06,53.18908
2025-01-09 07:19:00,94009.05,94035.34,94009.05,94013.47,7.95512
2025-01-09 07:20:00,94013.46,94013.46,93985.44,94002.99,7.33737
2025-01-09 07:21:00,94002.99,94026.85,93964.49,93964.5,18.00804
2025-01-09 07:22:00,93964.49,93970.03,93929.67,93970.03,16.72213
2025-01-09 07:23:00,93970.03,93985.5,93954.01,93954.02,6.42115
2025-01-09 07:24:00,93954.01,93954.49,93929.56,93937.98,7.43145
2025-01-09 07:25:00,93937.97,93960.0,93937.97,93960.0,6.86269
2025-01-09 07:26:00,93960.0,93960.0,93873.32,93899.29,12.99735
2025-01-09 07:27:00,93899.3,93910.95,93856.01,93856.01,8.0417
2025-01-09 07:28:00,93856.02,93856.02,93744.74,93799.74,79.51179
2025-01-09 07:29:00,93799.75,93840.7,93741.26,93741.26,37.55032
2025-01-09 07:30:00,93741.26,93789.1,93741.26,93764.32,37.63039
2025-01-09 07:31:00,93764.32,93800.0,93696.38,93696.39,22.80526
2025-01-09 07:32:00,93696.39,93724.43,93600.0,93600.04,24.26277
2025-01-09 07:33:00,93600.01,93644.7,93500.01,93631.23,58.08459
2025-01-09 07:34:00,93631.23,93631.23,93501.53,93522.88,13.83203
2025-01-09 07:35:00,93522.88,93551.34,93462.0,93462.01,34.84654
2025-01-09 07:36:00,93462.01,93508.7,93299.34,93428.0,99.0754
2025-01-09 07:37:00,93428.71,93529.77,93428.7,93463.15,34.08961
2025-01-09 07:38:00,93463.14,93641.55,93463.14,93554.28,43.89365
2025-01-09 07:39:00,93554.28,93630.47,93523.98,93625.35,17.41634
2025-01-09 07:40:00,93625.36,93650.39,93540.85,93540.85,18.69887
2025-01-09 07:41:00,93540.85,93580.0,93512.0,93512.0,15.42977
2025-01-09 07:42:00,93512.01,93554.36,93493.51,93535.2,18.1812
2025-01-09 07:43:00,93535.2,93611.99,93535.2,93587.33,14.36179
2025-01-09 07:44:00,93587.33,93639.99,93587.32,93621.66,9.00569
2025-01-09 07:45:00,93621.66,93660.0,93605.61,93660.0,11.63695
2025-01-09 07:46:00,93660.0,93705.19,93640.0,93640.15,11.43321
2025-01-09 07:47:00,93640.16,93640.16,93560.7,93622.0,16.0792
2025-01-09 07:48:00,93622.01,93622.01,93473.21,93473.21,10.34409
2025-01-09 07:49:00,93473.22,93547.98,93403.83,93547.98,47.63959
2025-01-09 07:50:00,93547.97,93571.49,93440.38,93440.38,38.71403
2025-01-09 07:51:00,93440.37,93463.41,93388.79,93463.41,23.08754
2025-01-09 07:52:00,93463.4,93463.41,93349.99,93379.36,58.01498
2025-01-09 07:53:00,93379.37,93463.41,93365.02,93463.4,6.66179
2025-01-09 07:54:00,93463.41,93463.41,93352.01,93352.01,16.41934
2025-01-09 07:55:00,93352.01,93357.64,93186.38,93238.06,43.7324
2025-01-09 07:56:00,93238.07,93343.92,93226.73,93341.49,29.14655
2025-01-09 07:57:00,93341.49,93371.9,93249.04,93266.28,26.27642
2025-01-09 07:58:00,93266.27,93300.0,93200.54,93226.11,42.40579
2025-01-09 07:59:00,93226.11,93300.0,93204.0,93221.59,23.61938
2025-01-09 08:00:00,93221.59,93312.44,93204.0,93231.96,40.18484
2025-01-09 08:01:00,93231.95,93276.21,93210.35,93276.21,18.33963
2025-01-09 08:02:00,93276.21,93276.21,93174.57,93174.58,27.54007
2025-01-09 08:03:00,93174.58,93225.55,93143.51,93172.53,25.65605
2025-01-09 08:04:00,93172.52,93199.99,93100.0,93166.56,33.16463
2025-01-09 08:05:00,93167.19,93196.88,93100.01,93108.88,24.94163
2025-01-09 08:06:00,93108.88,93108.88,93070.0,93070.01,40.80747
2025-01-09 08:07:00,93070.0,93116.21,93000.0,93003.1,79.9089
2025-01-09 08:08:00,93003.1,93127.47,92900.0,92975.0,213.94293
2025-01-09 08:09:00,92974.99,93106.4,92969.24,93031.21,43.24092
2025-01-09 08:10:00,93031.2,93031.2,92839.3,92896.91,70.87352
2025-01-09 08:11:00,92896.9,93150.0,92896.9,93145.97,56.73754
2025-01-09 08:12:00,93145.97,93219.61,93130.05,93199.57,31.22786
2025-01-09 08:13:00,93199.57,93207.8,93079.91,93102.74,18.49243
2025-01-09 08:14:00,93102.74,93102.75,92926.58,92926.58,33.40536
2025-01-09 08:15:00,92924.26,92924.26,92800.0,92911.25,61.87174
2025-01-09 08:16:00,92911.41,93032.16,92911.41,93030.0,31.76947
2025-01-09 08:17:00,93030.0,93131.35,93002.56,93130.41,16.93878
2025-01-09 08:18:00,93130.41,93177.22,93100.0,93100.0,13.96712
2025-01-09 08:19:00,93100.01,93139.93,93084.34,93097.07,24.6813
2025-01-09 08:20:00,93097.07,93097.07,93013.0,93016.41,13.40947
2025-01-09 08:21:00,93016.4,93037.97,92953.38,93006.29,13.72261
2025-01-09 08:22:00,93006.29,93040.87,92900.0,92932.95,18.32084
2025-01-09 08:23:00,92932.95,93024.54,92932.95,92976.46,10.18781
2025-01-09 08:24:00,92976.47,93020.07,92962.12,93013.67,19.62079
2025-01-09 08:25:00,93013.66,93037.29,92977.13,93037.29,19.8516
2025-01-09 08:26:00,93037.42,93128.5,93037.42,93091.24,13.66848
2025-01-09 08:27:00,93091.24,93091.24,93002.35,93002.36,8.38885
2025-01-09 08:28:00,93002.36,93020.0,92990.0,92999.76,13.54535
2025-01-09 08:29:00,92999.76,93029.16,92990.0,92990.0,21.86424
2025-01-09 08:30:00,92990.01,92997.89,92820.0,92863.75,55.68005
2025-01-09 08:31:00,92863.75,92921.35,92750.0,92912.04,85.92706
2025-01-09 08:32:00,92912.04,92916.86,92825.0,92895.27,20.37611
2025-01-09 08:33:00,92895.27,92956.64,92796.64,92956.64,25.52962
2025-01-09 08:34:00,92956.64,92993.72,92835.0,92893.48,44.49341
2025-01-09 08:35:00,92893.48,92996.01,92813.89,92996.01,40.1913
2025-01-09 08:36:00,92996.01,93191.99,92996.0,93160.84,45.16601
2025-01-09 08:37:00,93160.84,93299.98,93156.32,93248.75,23.97654
2025-01-09 08:38:00,93248.75,93385.21,93248.74,93335.18,35.69385
2025-01-09 08:39:00,93335.18,93373.39,93262.92,93367.33,25.38563
2025-01-09 08:40:00,93367.34,93386.71,93307.84,93330.78,28.89223
2025-01-09 08:41:00,93330.79,93392.74,93330.78,93378.97,28.51487
2025-01-09 08:42:00,93378.98,93388.67,93317.4,93341.22,30.34236
2025-01-09 08:43:00,93341.23,93400.98,93341.22,93396.58,17.48965
2025-01-09 08:44:00,93396.59,93396.59,93359.58,93390.96,15.65187
2025-01-09 08:45:00,93390.95,93390.95,93312.2,93334.57,13.01984
2025-01-09 08:46:00,93334.57,93334.58,93158.09,93162.5,25.71564
2025-01-09 08:47:00,93162.5,93177.65,92909.09,92952.75,74.63392
2025-01-09 08:48:00,92952.75,92953.08,92804.02,92892.45,60.70318
2025-01-09 08:49:00,92892.46,92892.46,92804.0,92872.93,25.42843
2025-01-09 08:50:00,92872.93,92922.94,92860.87,92920.8,11.91166
2025-01-09 08:51:00,92920.8,92996.32,92920.8,92975.26,14.30322
2025-01-09 08:52:00,92975.26,92986.34,92926.95,92970.53,12.59797
2025-01-09 08:53:00,92970.54,93028.59,92970.53,93010.77,16.51123
2025-01-09 08:54:00,93010.77,93058.97,93010.77,93044.92,7.56522
2025-01-09 08:55:00,93044.92,93044.92,92984.99,92985.19,13.90268
2025-01-09 08:56:00,92985.19,93000.69,92950.0,93000.69,12.13029
2025-01-09 08:57:00,93000.69,93042.39,92984.0,92996.4,7.74848
2025-01-09 08:58:00,92996.4,92996.4,92982.12,92985.33,7.68394
2025-01-09 08:59:00,92985.34,93030.88,92985.34,93030.87,9.75037
2025-01-09 09:00:00,93030.88,93052.0,92970.96,92996.8,8.95449
2025-01-09 09:01:00,92996.8,93066.08,92996.8,93066.07,6.47385
2025-01-09 09:02:00,93066.08,93112.6,93060.84,93112.6,6.5954
2025-01-09 09:03:00,93112.61,93112.61,93072.01,93103.22,5.58946
2025-01-09 09:04:00,93103.21,93151.3,93103.21,93133.07,7.37692
2025-01-09 09:05:00,93133.07,93218.58,93133.06,93218.58,38.618
2025-01-09 09:06:00,93218.58,93310.01,93212.29,93290.01,41.96046
2025-01-09 09:07:00,93290.01,93369.17,93290.01,93369.16,37.24585
2025-01-09 09:08:00,93369.16,93381.63,93338.56,93374.77,12.35153
2025-01-09 09:09:00,93374.77,93387.88,93368.62,93385.64,12.085
2025-01-09 09:10:00,93385.65,93385.65,93314.11,93314.11,63.27195
2025-01-09 09:11:00,93314.11,93338.8,93281.77,93313.5,19.12564
2025-01-09 09:12:00,93313.51,93319.48,93282.29,93303.83,7.02082
2025-01-09 09:13:00,93303.84,93308.47,93243.5,93258.29,18.70154
2025-01-09 09:14:00,93258.29,93318.25,93251.23,93318.25,4.26812
2025-01-09 09:15:00,93318.25,93396.25,93318.25,93396.25,8.82639
2025-01-09 09:16:00,93396.24,93396.25,93367.51,93371.68,8.41274
2025-01-09 09:17:00,93371.68,93423.71,93340.0,93423.71,11.98356
2025-01-09 09:18:00,93423.7,93597.3,93423.7,93571.94,44.66878
2025-01-09 09:19:00,93571.93,93583.51,93495.6,93495.6,38.56247
2025-01-09 09:20:00,93495.6,93500.0,93454.84,93469.11,18.25481
2025-01-09 09:21:00,93469.11,93532.0,93448.03,93532.0,12.90422
2025-01-09 09:22:00,93532.0,93588.0,93531.99,93534.45,9.68817
2025-01-09 09:23:00,93534.46,93534.46,93475.66,93491.61,9.3337
2025-01-09 09:24:00,93491.61,93508.6,93491.14,93491.15,2.61838
2025-01-09 09:25:00,93491.15,93500.0,93462.0,93478.88,13.44803
2025-01-09 09:26:00,93478.88,93515.16,93478.0,93495.82,11.57012
2025-01-09 09:27:00,93495.83,93536.01,93495.82,93502.01,6.94435
2025-01-09 09:28:00,93502.0,93502.24,93450.0,93450.0,16.87389
2025-01-09 09:29:00,93450.0,93499.98,93450.0,93490.7,17.12634
2025-01-09 09:30:00,93490.69,93502.24,93432.5,93502.24,10.05824
2025-01-09 09:31:00,93502.24,93545.35,93502.23,93528.88,9.40231
2025-01-09 09:32:00,93528.88,93558.9,93513.17,93513.17,6.69471
2025-01-09 09:33:00,93513.17,93600.0,93500.0,93584.67,36.69923
2025-01-09 09:34:00,93584.67,93605.9,93554.32,93578.46,36.70828
2025-01-09 09:35:00,93578.46,93596.28,93550.81,93550.82,16.1778
2025-01-09 09:36:00,93550.82,93567.17,93485.22,93517.85,53.44736
2025-01-09 09:37:00,93517.84,93595.73,93492.12,93595.73,22.43153
2025-01-09 09:38:00,93595.73,93615.31,93588.5,93615.3,11.10798
2025-01-09 09:39:00,93615.31,93691.99,93615.3,93646.0,46.16131
2025-01-09 09:40:00,93646.0,93738.23,93632.39,93686.52,39.57356
2025-01-09 09:41:00,93686.52,93787.75,93686.51,93706.47,51.45059
2025-01-09 09:42:00,93706.48,93706.48,93606.06,93606.06,19.84874
2025-01-09 09:43:00,93606.06,93612.46,93587.21,93587.21,8.57285
2025-01-09 09:44:00,93587.21,93620.89,93582.3,93606.06,6.98246
2025-01-09 09:45:00,93606.05,93606.05,93536.73,93536.73,13.42652
2025-01-09 09:46:00,93536.73,93559.99,93487.2,93521.54,14.36203
2025-01-09 09:47:00,93521.53,93545.45,93506.06,93527.83,6.30318
2025-01-09 09:48:00,93527.84,93527.84,93494.46,93494.46,5.16416
2025-01-09 09:49:00,93494.46,93567.13,93494.46,93567.12,6.955
2025-01-09 09:50:00,93567.13,93630.09,93567.13,93630.09,7.1232
2025-01-09 09:51:00,93630.08,93640.0,93580.64,93580.64,8.48752
2025-01-09 09:52:00,93580.65,93594.54,93580.64,93594.46,8.24082
2025-01-09 09:53:00,93594.46,93598.81,93526.38,93526.38,13.16178
2025-01-09 09:54:00,93526.38,93526.38,93488.75,93488.75,9.66146
2025-01-09 09:55:00,93488.76,93500.0,93482.02,93500.0,3.62423
2025-01-09 09:56:00,93500.0,93508.12,93464.94,93464.95,4.932
2025-01-09 09:57:00,93464.94,93520.0,93464.94,93520.0,6.61905
2025-01-09 09:58:00,93520.0,93550.4,93520.0,93550.4,2.15901
2025-01-09 09:59:00,93550.39,93550.4,93515.69,93516.62,5.71136
2025-01-09 10:00:00,93516.63,93549.62,93516.62,93537.15,7.44493
2025-01-09 10:01:00,93537.14,93588.01,93515.15,93588.01,14.78666
2025-01-09 10:02:00,93588.0,93592.5,93561.86,93592.49,7.04417
2025-01-09 10:03:00,93592.5,93619.68,93567.7,93619.68,13.30257
2025-01-09 10:04:00,93619.68,93632.47,93586.71,93586.71,4.45208
2025-01-09 10:05:00,93586.71,93636.37,93586.71,93619.21,4.42773
2025-01-09 10:06:00,93619.22,93619.22,93534.4,93534.41,6.67583
2025-01-09 10:07:00,93534.4,93547.37,93500.0,93534.38,5.42768
2025-01-09 10:08:00,93534.38,93558.69,93520.0,93558.69,4.17099
2025-01-09 10:09:00,93558.69,93580.82,93520.0,93575.96,14.33035
2025-01-09 10:10:00,93575.97,93639.61,93575.97,93628.28,5.754
2025-01-09 10:11:00,93628.28,93656.0,93628.28,93655.99,6.69565
2025-01-09 10:12:00,93656.0,93659.99,93641.61,93655.2,6.66982
2025-01-09 10:13:00,93655.2,93660.0,93606.06,93606.06,39.66913
2025-01-09 10:14:00,93606.07,93650.0,93606.06,93640.16,4.75662
2025-01-09 10:15:00,93640.17,93640.17,93606.06,93606.06,2.96298
2025-01-09 10:16:00,93606.06,93624.68,93539.3,93539.3,10.23975
2025-01-09 10:17:00,93539.31,93539.31,93469.69,93477.98,8.95037
2025-01-09 10:18:00,93477.98,93477.98,93408.03,93412.59,15.0056
2025-01-09 10:19:00,93412.6,93422.59,93397.79,93413.05,14.96541
2025-01-09 10:20:00,93413.06,93433.61,93337.51,93337.51,9.09753
2025-01-09 10:21:00,93337.52,93347.98,93272.72,93341.16,42.09598
2025-01-09 10:22:00,93341.17,93341.17,93303.04,93329.76,19.08556
2025-01-09 10:23:00,93329.75,93350.0,93310.36,93336.37,45.3508
2025-01-09 10:24:00,93336.36,93360.0,93315.84,93340.34,42.06969
2025-01-09 10:25:00,93340.34,93347.67,93321.67,93333.0,4.21858
2025-01-09 10:26:00,93333.0,93333.0,93274.93,93299.46,15.01623
2025-01-09 10:27:00,93299.45,93299.45,93202.6,93202.61,32.65891
2025-01-09 10:28:00,93202.61,93251.39,93202.6,93235.6,21.88022
2025-01-09 10:29:00,93233.87,93300.77,93233.87,93300.76,6.35835
2025-01-09 10:30:00,93300.76,93300.76,93175.77,93185.32,35.19989
2025-01-09 10:31:00,93185.31,93210.16,93164.0,93164.0,15.45199
2025-01-09 10:32:00,93164.0,93171.61,93016.55,93075.82,76.93839
2025-01-09 10:33:00,93075.81,93104.64,93020.49,93104.64,36.71441
2025-01-09 10:34:00,93104.63,93111.5,93032.43,93064.18,29.19836
2025-01-09 10:35:00,93064.19,93158.19,93064.18,93158.19,12.65117
2025-01-09 10:36:00,93158.19,93222.37,93114.65,93130.24,21.02525
2025-01-09 10:37:00,93130.25,93202.82,93095.78,93189.43,21.09177
2025-01-09 10:38:00,93189.43,93262.73,93182.36,93258.48,11.71251
2025-01-09 10:39:00,93258.47,93375.79,93258.47,93317.39,18.18852
2025-01-09 10:40:00,93317.4,93353.24,93275.38,93309.38,10.22646
2025-01-09 10:41:00,93309.37,93333.34,93297.4,93312.58,17.09766
2025-01-09 10:42:00,93312.09,93312.09,93261.64,93286.48,8.59374
2025-01-09 10:43:00,93286.47,93314.43,93263.01,93263.01,7.64714
2025-01-09 10:44:00,93262.77,93262.77,93191.33,93223.75,11.54107
2025-01-09 10:45:00,93223.75,93227.87,93129.12,93144.9,17.92364
2025-01-09 10:46:00,93144.9,93159.81,93105.85,93154.57,8.68769
2025-01-09 10:47:00,93154.56,93180.0,93134.5,93180.0,4.28793
2025-01-09 10:48:00,93180.0,93223.56,93168.22,93223.55,8.23627
2025-01-09 10:49:00,93223.55,93271.34,93220.01,93271.33,8.62698
2025-01-09 10:50:00,93271.33,93313.92,93266.38,93313.92,5.23619
2025-01-09 10:51:00,93313.91,93370.0,93264.52,93337.68,22.96728
2025-01-09 10:52:00,93337.38,93400.0,93337.38,93381.85,9.65186
2025-01-09 10:53:00,93381.85,93410.0,93381.84,93409.76,23.69261
2025-01-09 10:54:00,93409.75,93450.0,93409.75,93422.01,13.93448
2025-01-09 10:55:00,93422.01,93466.41,93408.02,93451.23,22.84427
2025-01-09 10:56:00,93451.23,93470.0,93413.04,93469.85,11.39679
2025-01-09 10:57:00,93469.97,93470.0,93428.23,93428.24,6.85305
2025-01-09 10:58:00,93428.24,93470.0,93401.88,93455.58,20.08628
2025-01-09 10:59:00,93455.58,93470.0,93441.9,93462.43,5.03079
2025-01-09 11:00:00,93462.43,93466.53,93392.69,93400.25,10.66613
2025-01-09 11:01:00,93400.02,93404.69,93343.5,93343.5,10.08264
2025-01-09 11:02:00,93343.41,93421.62,93312.52,93416.24,5.02224
2025-01-09 11:03:00,93416.25,93490.0,93416.24,93469.73,17.37956
2025-01-09 11:04:00,93469.73,93515.16,93469.73,93501.3,27.24279
2025-01-09 11:05:00,93501.31,93599.26,93501.3,93550.55,23.1423
2025-01-09 11:06:00,93550.56,93608.0,93550.55,93557.54,11.96307
2025-01-09 11:07:00,93557.55,93585.87,93500.61,93500.61,6.83802
2025-01-09 11:08:00,93500.62,93547.58,93466.59,93520.89,16.09468
2025-01-09 11:09:00,93520.89,93587.38,93520.89,93545.46,5.66545
2025-01-09 11:10:00,93545.46,93577.62,93545.45,93577.62,6.47163
2025-01-09 11:11:00,93577.61,93619.69,93557.93,93578.0,11.65468
2025-01-09 11:12:00,93578.0,93598.41,93567.47,93598.4,14.5026
2025-01-09 11:13:00,93598.4,93600.0,93550.71,93550.71,14.95491
2025-01-09 11:14:00,93550.71,93579.3,93550.0,93579.3,6.62771
2025-01-09 11:15:00,93579.3,93598.2,93552.97,93557.1,5.77915
2025-01-09 11:16:00,93557.09,93599.7,93557.09,93599.69,5.66125
2025-01-09 11:17:00,93599.7,93606.07,93559.45,93581.45,5.60797
2025-01-09 11:18:00,93581.44,93633.96,93569.68,93633.95,5.69364
2025-01-09 11:19:00,93633.95,93700.55,93628.51,93700.55,16.90463
2025-01-09 11:20:00,93700.55,93795.25,93700.55,93757.74,23.84553
2025-01-09 11:21:00,93757.74,93877.46,93757.74,93793.58,19.21083
2025-01-09 11:22:00,93805.24,93805.24,93717.03,93732.53,12.10628
2025-01-09 11:23:00,93732.52,93744.0,93666.0,93676.46,5.83405
2025-01-09 11:24:00,93676.46,93713.95,93674.13,93713.95,3.3244
2025-01-09 11:25:00,93713.95,93729.7,93672.0,93678.5,9.53067
2025-01-09 11:26:00,93677.82,93717.83,93661.45,93704.85,6.57382
2025-01-09 11:27:00,93704.85,93719.99,93684.66,93719.99,9.48796
2025-01-09 11:28:00,93719.99,93786.8,93719.98,93769.59,4.72495
2025-01-09 11:29:00,93769.59,93769.59,93720.0,93720.01,21.62313
2025-01-09 11:30:00,93720.01,93720.01,93661.83,93702.78,9.74679
2025-01-09 11:31:00,93702.78,93764.83,93702.78,93716.55,11.97902
2025-01-09 11:32:00,93716.56,93716.56,93663.83,93688.33,20.7258
2025-01-09 11:33:00,93688.33,93692.45,93648.01,93679.58,7.1528
2025-01-09 11:34:00,93679.58,93683.03,93653.14,93657.57,18.38109
2025-01-09 11:35:00,93657.57,93683.03,93626.45,93636.37,12.26286
2025-01-09 11:36:00,93636.36,93636.36,93531.76,93532.56,23.83641
2025-01-09 11:37:00,93532.56,93565.58,93368.41,93381.82,22.79878
2025-01-09 11:38:00,93381.82,93405.38,93321.8,93353.54,10.16159
2025-01-09 11:39:00,93353.54,93444.99,93353.53,93388.68,15.65046
2025-01-09 11:40:00,93388.67,93476.33,93388.67,93466.43,5.02646
2025-01-09 11:41:00,93466.43,93472.01,93404.55,93404.56,14.09126
2025-01-09 11:42:00,93404.56,93414.56,93224.0,93302.03,41.80398
2025-01-09 11:43:00,93302.03,93386.92,93298.89,93372.8,18.90768
2025-01-09 11:44:00,93372.8,93440.0,93372.79,93412.42,7.53008
2025-01-09 11:45:00,93412.42,93454.55,93350.23,93363.94,11.29481
2025-01-09 11:46:00,93363.95,93393.94,93352.0,93386.0,8.922
2025-01-09 11:47:00,93386.01,93467.04,93366.96,93467.04,8.30153
2025-01-09 11:48:00,93467.03,93535.14,93462.38,93470.89,14.84607
2025-01-09 11:49:00,93470.89,93499.52,93429.27,93434.08,6.70155
2025-01-09 11:50:00,93434.08,93552.0,93434.08,93549.6,6.01876
2025-01-09 11:51:00,93549.6,93591.16,93488.51,93489.95,13.0502
2025-01-09 11:52:00,93489.95,93539.59,93470.89,93539.59,4.40456
2025-01-09 11:53:00,93539.6,93555.99,93511.75,93511.76,3.91111
2025-01-09 11:54:00,93511.75,93521.97,93461.33,93461.33,5.094
2025-01-09 11:55:00,93461.33,93500.0,93448.06,93499.99,11.39328
2025-01-09 11:56:00,93500.0,93558.2,93496.71,93509.3,10.85334
2025-01-09 11:57:00,93509.29,93509.3,93458.99,93491.52,9.13986
2025-01-09 11:58:00,93491.53,93491.53,93432.89,93467.7,4.8904
2025-01-09 11:59:00,93467.83,93489.12,93465.22,93465.23,3.7027
2025-01-09 12:00:00,93465.23,93465.23,93396.47,93423.9,15.50724
2025-01-09 12:01:00,93423.9,93499.98,93399.25,93499.98,9.54218
2025-01-09 12:02:00,93499.98,93575.76,93494.42,93567.24,8.65987
2025-01-09 12:03:00,93567.25,93567.25,93460.64,93460.65,10.79875
2025-01-09 12:04:00,93460.64,93464.0,93410.29,93454.55,9.62195
2025-01-09 12:05:00,93454.54,93499.73,93415.29,93497.1,8.08527
2025-01-09 12:06:00,93497.09,93497.09,93424.24,93459.91,5.82686
2025-01-09 12:07:00,93459.9,93459.9,93405.1,93405.27,5.78345
2025-01-09 12:08:00,93405.28,93405.28,93284.45,93317.13,21.51365
2025-01-09 12:09:00,93317.13,93378.71,93311.11,93368.78,8.14359
2025-01-09 12:10:00,93368.77,93484.0,93368.77,93483.99,6.76286
2025-01-09 12:11:00,93483.99,93538.46,93457.15,93534.93,11.14555
2025-01-09 12:12:00,93534.93,93538.46,93502.26,93502.27,6.40618
2025-01-09 12:13:00,93502.26,93540.23,93499.24,93499.24,6.86452
2025-01-09 12:14:00,93499.24,93542.61,93499.24,93527.27,14.16762
2025-01-09 12:15:00,93527.28,93529.37,93440.15,93473.31,13.61132
2025-01-09 12:16:00,93473.32,93555.91,93454.54,93555.9,5.71501
2025-01-09 12:17:00,93555.9,93605.55,93547.65,93569.79,12.12108
2025-01-09 12:18:00,93569.79,93613.88,93569.79,93594.22,7.74841
2025-01-09 12:19:00,93594.22,93650.0,93594.22,93631.59,32.34799
2025-01-09 12:20:00,93631.59,93663.8,93614.07,93663.8,12.11818
2025-01-09 12:21:00,93663.79,93663.8,93618.65,93618.65,9.24307
2025-01-09 12:22:00,93618.65,93666.67,93618.65,93655.65,5.45982
2025-01-09 12:23:00,93655.66,93676.97,93655.66,93676.96,5.25588
2025-01-09 12:24:00,93676.96,93696.97,93643.16,93646.7,12.34107
2025-01-09 12:25:00,93646.7,93659.97,93567.18,93581.23,19.37422
2025-01-09 12:26:00,93581.23,93674.61,93581.23,93674.6,16.53879
2025-01-09 12:27:00,93674.6,93686.19,93644.54,93673.55,4.90062
2025-01-09 12:28:00,93673.55,93673.56,93636.36,93646.04,3.59586
2025-01-09 12:29:00,93646.05,93646.05,93608.0,93620.0,7.52331
2025-01-09 12:30:00,93620.01,93650.0,93612.0,93650.0,5.50699
2025-01-09 12:31:00,93649.99,93679.58,93647.69,93676.0,8.01458
2025-01-09 12:32:00,93675.99,93676.0,93585.39,93602.56,11.8468
2025-01-09 12:33:00,93602.56,93606.07,93542.26,93606.07,21.8516
2025-01-09 12:34:00,93606.06,93632.01,93577.42,93597.27,8.31203
2025-01-09 12:35:00,93597.28,93636.37,93565.28,93625.26,15.73911
2025-01-09 12:36:00,93625.25,93635.85,93589.29,93597.13,9.45755
2025-01-09 12:37:00,93597.14,93597.14,93515.15,93543.02,15.1733
2025-01-09 12:38:00,93543.01,93549.87,93459.11,93498.83,9.72087
2025-01-09 12:39:00,93498.84,93498.84,93408.69,93437.79,13.6629
2025-01-09 12:40:00,93437.78,93437.78,93350.0,93351.75,20.93125
2025-01-09 12:41:00,93351.74,93366.96,93309.93,93313.65,20.65094
2025-01-09 12:42:00,93313.66,93370.21,93313.65,93340.61,15.00993
2025-01-09 12:43:00,93340.61,93380.0,93304.44,93329.49,15.55874
2025-01-09 12:44:00,93329.49,93362.04,93329.48,93347.06,4.02488
2025-01-09 12:45:00,93347.07,93347.07,93225.01,93293.44,36.95792
2025-01-09 12:46:00,93293.45,93300.65,93155.25,93221.6,35.95704
2025-01-09 12:47:00,93221.6,93369.4,93221.6,93359.89,12.50544
2025-01-09 12:48:00,93359.89,93418.3,93359.88,93387.29,20.94569
2025-01-09 12:49:00,93387.3,93389.85,93346.55,93346.56,5.45405
2025-01-09 12:50:00,93346.55,93403.94,93346.55,93403.93,12.37006
2025-01-09 12:51:00,93403.94,93403.94,93346.58,93393.93,7.635
2025-01-09 12:52:00,93393.92,93406.54,93386.54,93390.36,5.35996
2025-01-09 12:53:00,93390.35,93409.62,93390.35,93390.37,7.34317
2025-01-09 12:54:00,93390.37,93406.71,93373.07,93390.66,5.51606
2025-01-09 12:55:00,93390.66,93397.42,93351.77,93351.78,6.214
2025-01-09 12:56:00,93351.77,93386.89,93351.77,93380.39,7.50558
2025-01-09 12:57:00,93380.39,93438.93,93380.39,93424.23,10.30508
2025-01-09 12:58:00,93424.23,93427.88,93391.86,93403.79,4.19748
2025-01-09 12:59:00,93403.8,93443.39,93393.94,93421.94,19.92951
2025-01-09 13:00:00,93421.94,93421.94,93364.0,93402.36,11.23977
2025-01-09 13:01:00,93402.37,93479.61,93393.93,93479.61,9.9679
2025-01-09 13:02:00,93479.6,93479.61,93463.72,93477.58,2.89498
2025-01-09 13:03:00,93477.57,93486.19,93408.51,93408.51,16.42725
2025-01-09 13:04:00,93408.52,93408.8,93284.46,93292.61,14.44383
2025-01-09 13:05:00,93292.61,93316.67,93248.51,93260.13,22.85068
2025-01-09 13:06:00,93260.14,93297.35,93260.14,93297.35,4.66941
2025-01-09 13:07:00,93297.36,93348.65,93295.96,93348.65,7.00404
2025-01-09 13:08:00,93348.64,93348.65,93260.0,93291.04,12.88914
2025-01-09 13:09:00,93291.04,93291.05,93248.52,93260.01,8.90465
2025-01-09 13:10:00,93260.01,93269.38,93213.62,93213.62,19.45974
2025-01-09 13:11:00,93213.63,93213.63,93140.36,93159.8,37.20411
2025-01-09 13:12:00,93159.8,93191.0,93100.21,93124.79,15.35552
2025-01-09 13:13:00,93124.78,93132.0,93092.56,93097.9,20.94239
2025-01-09 13:14:00,93097.91,93118.58,93085.15,93085.15,10.46508
2025-01-09 13:15:00,93085.15,93108.21,93006.49,93108.2,72.04396
2025-01-09 13:16:00,93108.21,93206.46,93108.2,93206.46,20.49013
2025-01-09 13:17:00,93206.46,93208.0,93138.74,93181.82,9.64457
2025-01-09 13:18:00,93181.82,93238.87,93152.9,93152.91,13.82696
2025-01-09 13:19:00,93152.9,93165.46,93100.0,93153.36,13.19874
2025-01-09 13:20:00,93153.37,93162.81,93106.6,93144.06,5.28083
2025-01-09 13:21:00,93144.06,93144.06,92970.26,93001.52,59.90262
2025-01-09 13:22:00,93001.52,93001.52,92793.3,92836.31,106.97464
2025-01-09 13:23:00,92836.31,92891.35,92684.02,92853.46,107.56378
2025-01-09 13:24:00,92853.46,92869.69,92774.42,92862.28,37.42399
2025-01-09 13:25:00,92862.29,93027.73,92862.28,92980.62,52.1458
2025-01-09 13:26:00,92980.62,92980.62,92900.0,92934.99,16.77807
2025-01-09 13:27:00,92935.0,92935.0,92855.35,92861.46,19.02521
2025-01-09 13:28:00,92861.46,92881.5,92771.02,92780.0,49.07129
2025-01-09 13:29:00,92780.0,92893.41,92768.7,92872.01,23.12821
2025-01-09 13:30:00,92872.02,92918.83,92838.01,92860.76,24.13096
2025-01-09 13:31:00,92860.76,92860.76,92809.56,92844.68,34.66875
2025-01-09 13:32:00,92844.68,92849.99,92678.41,92718.22,48.13832
2025-01-09 13:33:00,92718.23,92745.26,92660.58,92668.62,44.27987
2025-01-09 13:34:00,92668.62,92693.11,92600.0,92634.5,61.36286
2025-01-09 13:35:00,92634.49,92708.0,92588.0,92596.0,53.48858
2025-01-09 13:36:00,92596.0,92637.95,92583.72,92593.65,48.18811
2025-01-09 13:37:00,92593.64,92597.25,92258.0,92408.02,461.97942
2025-01-09 13:38:00,92408.02,92408.03,92125.0,92136.64,198.01234
2025-01-09 13:39:00,92136.65,92329.33,92136.64,92199.18,98.4638
2025-01-09 13:40:00,92199.19,92294.9,92100.0,92133.39,79.15074
2025-01-09 13:41:00,92133.38,92235.99,92109.08,92184.32,117.523
2025-01-09 13:42:00,92184.32,92356.6,92146.65,92330.64,55.2808
2025-01-09 13:43:00,92330.64,92479.68,92296.11,92343.99,62.81423
2025-01-09 13:44:00,92344.0,92358.55,92296.15,92334.27,40.68565
2025-01-09 13:45:00,92334.27,92405.69,92220.84,92220.84,54.8493
2025-01-09 13:46:00,92220.84,92335.83,92150.0,92217.7,49.0656
2025-01-09 13:47:00,92217.69,92226.42,92116.88,92154.13,58.37881
2025-01-09 13:48:00,92154.13,92222.31,92109.63,92132.68,73.02638
2025-01-09 13:49:00,92132.68,92271.56,92117.4,92270.89,35.30126
2025-01-09 13:50:00,92270.9,92290.0,92187.47,92287.24,81.88115
2025-01-09 13:51:00,92287.23,92310.25,92122.09,92171.97,38.56493
2025-01-09 13:52:00,92171.98,92194.26,92107.93,92107.94,71.67906
2025-01-09 13:53:00,92107.94,92107.94,91900.12,92047.93,443.72091
2025-01-09 13:54:00,92047.93,92284.22,92022.92,92245.87,76.92988
2025-01-09 13:55:00,92245.86,92363.63,92152.0,92152.0,50.90123
2025-01-09 13:56:00,92152.01,92264.0,92082.49,92258.54,27.42308
2025-01-09 13:57:00,92258.47,92258.47,92122.64,92149.05,34.04807
2025-01-09 13:58:00,92149.05,92149.06,91929.78,91954.42,85.41371
2025-01-09 13:59:00,91954.42,91997.43,91951.89,91986.42,43.86751
2025-01-09 14:00:00,91986.41,92043.65,91932.8,92043.64,82.76576
2025-01-09 14:01:00,92043.64,92200.0,92012.01,92070.13,52.04351
2025-01-09 14:02:00,92070.14,92070.14,91888.0,91895.23,88.2726
2025-01-09 14:03:00,91895.24,91961.48,91881.65,91902.66,68.78754
2025-01-09 14:04:00,91902.65,91984.95,91838.81,91838.81,63.25099
2025-01-09 14:05:00,91838.82,91917.68,91811.0,91850.52,59.51653
2025-01-09 14:06:00,91857.43,91908.63,91811.02,91817.49,68.59508
2025-01-09 14:07:00,91817.49,92052.71,91800.0,91985.21,105.60807
2025-01-09 14:08:00,91985.21,92193.27,91973.33,92193.26,64.99393
2025-01-09 14:09:00,92193.26,92211.23,92080.0,92094.5,60.29341
2025-01-09 14:10:00,92094.51,92420.0,92094.51,92402.72,66.13267
2025-01-09 14:11:00,92402.71,92430.11,92302.44,92361.86,45.65591
2025-01-09 14:12:00,92361.85,92560.0,92361.85,92451.68,75.41813
2025-01-09 14:13:00,92451.68,92499.04,92366.49,92406.99,53.91188
2025-01-09 14:14:00,92407.0,92432.29,92342.01,92399.96,32.7438
2025-01-09 14:15:00,92399.96,92593.73,92399.91,92593.72,34.13313
2025-01-09 14:16:00,92593.73,92640.23,92554.35,92560.24,47.3792
2025-01-09 14:17:00,92560.24,92738.9,92560.0,92667.38,68.47611
2025-01-09 14:18:00,92667.38,92667.39,92551.97,92614.42,30.8724
2025-01-09 14:19:00,92614.43,92738.58,92563.64,92731.99,23.65497
2025-01-09 14:20:00,92732.0,92741.15,92614.83,92628.07,24.29163
2025-01-09 14:21:00,92628.08,92628.08,92502.0,92546.39,29.80221
2025-01-09 14:22:00,92546.39,92546.39,92456.0,92500.0,22.02463
2025-01-09 14:23:00,92500.0,92520.68,92372.29,92386.82,37.18499
2025-01-09 14:24:00,92386.82,92386.83,92289.77,92332.95,43.86258
2025-01-09 14:25:00,92332.94,92333.57,92210.54,92297.9,50.30181
2025-01-09 14:26:00,92297.91,92429.88,92297.9,92401.97,31.76943
2025-01-09 14:27:00,92401.97,92415.81,92348.72,92401.14,20.6918
2025-01-09 14:28:00,92401.13,92474.78,92401.13,92422.24,21.30973
2025-01-09 14:29:00,92421.7,92463.69,92404.0,92440.96,25.66264
2025-01-09 14:30:00,92440.95,92457.32,92366.35,92405.32,21.16776
2025-01-09 14:31:00,92405.31,92613.15,92353.47,92613.15,45.86633
2025-01-09 14:32:00,92613.15,92737.0,92613.15,92631.14,25.55194
2025-01-09 14:33:00,92631.15,92639.18,92500.0,92500.0,21.61775
2025-01-09 14:34:00,92500.01,92627.31,92500.0,92551.55,22.70506
2025-01-09 14:35:00,92551.56,92581.64,92464.0,92465.79,26.99134
2025-01-09 14:36:00,92465.79,92465.79,92312.59,92312.59,18.24627
2025-01-09 14:37:00,92312.59,92312.59,92178.5,92244.12,38.74106
2025-01-09 14:38:00,92244.11,92439.44,92243.54,92439.44,23.55603
2025-01-09 14:39:00,92439.43,92485.19,92384.0,92384.89,16.61378
2025-01-09 14:40:00,92384.89,92411.52,92300.0,92332.32,15.16597
2025-01-09 14:41:00,92332.33,92355.31,92211.08,92233.8,31.44786
2025-01-09 14:42:00,92233.8,92254.68,92099.47,92099.48,47.13597
2025-01-09 14:43:00,92099.48,92204.2,92099.47,92164.0,21.36518
2025-01-09 14:44:00,92164.01,92237.15,92155.2,92216.29,19.71295
2025-01-09 14:45:00,92216.29,92348.0,92181.7,92341.74,15.21133
2025-01-09 14:46:00,92341.74,92459.45,92341.74,92424.23,53.73247
2025-01-09 14:47:00,92424.23,92449.25,92350.86,92420.04,21.91481
2025-01-09 14:48:00,92420.03,92504.03,92420.03,92449.0,44.7661
2025-01-09 14:49:00,92449.0,92456.99,92305.86,92358.99,31.98072
2025-01-09 14:50:00,92358.99,92366.21,92306.0,92329.19,19.14183
2025-01-09 14:51:00,92329.46,92509.91,92329.46,92487.41,31.43006
2025-01-09 14:52:00,92487.42,92572.47,92435.31,92557.33,19.71029
2025-01-09 14:53:00,92557.33,92641.37,92534.77,92575.67,32.55046
2025-01-09 14:54:00,92575.67,92661.89,92566.87,92640.92,16.92919
2025-01-09 14:55:00,92640.91,92687.99,92616.86,92616.86,32.12968
2025-01-09 14:56:00,92616.86,92685.03,92537.28,92677.03,40.37593
2025-01-09 14:57:00,92677.03,92759.9,92659.09,92717.35,31.39486
2025-01-09 14:58:00,92717.35,92800.95,92717.35,92776.81,41.90637
2025-01-09 14:59:00,92776.81,92900.0,92776.8,92863.8,34.59326
