2023-08-25 15:00:00,3.715,3.718,3.699,3.716,10395.47,38629.56652
2023-08-25 15:01:00,3.717,3.72,3.712,3.715,5561.04,20659.2636
2023-08-25 15:02:00,3.716,3.72,3.716,3.718,3600.66,13387.25388
2023-08-25 15:03:00,3.718,3.728,3.714,3.727,9582.94,35715.61738
2023-08-25 15:04:00,3.726,3.744,3.726,3.739,9324.59,34864.642009999996
2023-08-25 15:05:00,3.741,3.743,3.728,3.741,3706.39,13865.60499
2023-08-25 15:06:00,3.741,3.741,3.73,3.734,3961.55,14792.4277
2023-08-25 15:07:00,3.735,3.742,3.735,3.737,5550.06,20740.574220000002
2023-08-25 15:08:00,3.737,3.744,3.735,3.743,3412.52,12773.06236
2023-08-25 15:09:00,3.743,3.744,3.732,3.733,4056.2,15141.7946
2023-08-25 15:10:00,3.732,3.738,3.729,3.738,5308.15,19841.8647
2023-08-25 15:11:00,3.738,3.742,3.735,3.739,2682.76,10030.83964
2023-08-25 15:12:00,3.74,3.788,3.74,3.786,25340.91,95940.68526
2023-08-25 15:13:00,3.786,3.792,3.765,3.77,16989.57,64050.6789
2023-08-25 15:14:00,3.77,3.776,3.753,3.775,7828.14,29551.2285
2023-08-25 15:15:00,3.773,3.773,3.761,3.768,6624.74,24962.02032
2023-08-25 15:16:00,3.768,3.789,3.766,3.789,6476.07,24537.82923
2023-08-25 15:17:00,3.788,3.792,3.767,3.773,18320.29,69122.45417000001
2023-08-25 15:18:00,3.771,3.777,3.755,3.758,20550.17,77227.53886
2023-08-25 15:19:00,3.759,3.774,3.757,3.772,8700.24,32817.30528
2023-08-25 15:20:00,3.772,3.78,3.757,3.765,6939.13,26125.82445
2023-08-25 15:21:00,3.766,3.767,3.762,3.763,7044.2,26507.3246
2023-08-25 15:22:00,3.764,3.765,3.761,3.762,2702.65,10167.3693
2023-08-25 15:23:00,3.763,3.763,3.752,3.756,3988.4,14980.4304
2023-08-25 15:24:00,3.758,3.767,3.754,3.766,5501.75,20719.5905
2023-08-25 15:25:00,3.766,3.77,3.764,3.769,3605.98,13590.93862
2023-08-25 15:26:00,3.77,3.775,3.755,3.757,7046.98,26475.50386
2023-08-25 15:27:00,3.756,3.764,3.755,3.763,3893.43,14650.977089999998
2023-08-25 15:28:00,3.764,3.764,3.747,3.752,8630.37,32381.148240000002
2023-08-25 15:29:00,3.753,3.755,3.744,3.745,7028.61,26322.14445
2023-08-25 15:30:00,3.745,3.754,3.741,3.751,3138.78,11773.56378
2023-08-25 15:31:00,3.752,3.756,3.75,3.752,1953.35,7328.9692
2023-08-25 15:32:00,3.752,3.753,3.735,3.737,6404.56,23933.840720000004
2023-08-25 15:33:00,3.737,3.738,3.729,3.738,4241.04,15853.00752
2023-08-25 15:34:00,3.737,3.739,3.735,3.736,4489.31,16772.06216
2023-08-25 15:35:00,3.738,3.74,3.733,3.735,2186.84,8167.847400000001
2023-08-25 15:36:00,3.735,3.75,3.732,3.749,2885.25,10816.80225
2023-08-25 15:37:00,3.75,3.753,3.743,3.743,3867.83,14477.28769
2023-08-25 15:38:00,3.744,3.76,3.741,3.758,4177.76,15700.02208
2023-08-25 15:39:00,3.759,3.763,3.756,3.756,7595.55,28528.8858
2023-08-25 15:40:00,3.757,3.765,3.755,3.757,2620.76,9846.19532
2023-08-25 15:41:00,3.758,3.761,3.756,3.76,1873.33,7043.720799999999
2023-08-25 15:42:00,3.761,3.773,3.757,3.771,3802.89,14340.69819
2023-08-25 15:43:00,3.772,3.775,3.755,3.755,3617.49,13583.674949999999
2023-08-25 15:44:00,3.754,3.755,3.749,3.753,3765.61,14132.334330000002
2023-08-25 15:45:00,3.756,3.759,3.745,3.747,3229.78,12101.98566
2023-08-25 15:46:00,3.748,3.748,3.737,3.737,4972.88,18583.652560000002
2023-08-25 15:47:00,3.736,3.749,3.735,3.747,4584.13,17176.73511
2023-08-25 15:48:00,3.747,3.749,3.736,3.737,2017.44,7539.17328
2023-08-25 15:49:00,3.737,3.742,3.735,3.741,2893.83,10825.81803
2023-08-25 15:50:00,3.741,3.744,3.731,3.734,3674.56,13720.80704
2023-08-25 15:51:00,3.735,3.738,3.732,3.735,2442.23,9121.72905
2023-08-25 15:52:00,3.734,3.738,3.73,3.737,3772.72,14098.654639999999
2023-08-25 15:53:00,3.738,3.743,3.736,3.737,3437.64,12846.46068
2023-08-25 15:54:00,3.736,3.75,3.736,3.748,4018.16,15060.063680000001
2023-08-25 15:55:00,3.747,3.754,3.747,3.753,2423.09,9093.85677
2023-08-25 15:56:00,3.753,3.755,3.749,3.754,3498.09,13131.82986
2023-08-25 15:57:00,3.755,3.763,3.754,3.758,6683.49,25116.55542
2023-08-25 15:58:00,3.757,3.757,3.749,3.755,3876.39,14555.844449999999
2023-08-25 15:59:00,3.756,3.758,3.741,3.742,3692.46,13817.18532
2023-08-25 16:00:00,3.741,3.763,3.74,3.758,4825.89,18135.694620000002
2023-08-25 16:01:00,3.758,3.764,3.746,3.749,3115.06,11678.35994
2023-08-25 16:02:00,3.748,3.759,3.748,3.758,2288.48,8600.10784
2023-08-25 16:03:00,3.758,3.759,3.739,3.741,6528.85,24424.427850000004
2023-08-25 16:04:00,3.742,3.749,3.734,3.749,4829.74,18106.69526
2023-08-25 16:05:00,3.748,3.755,3.745,3.745,2347.11,8789.926950000001
2023-08-25 16:06:00,3.743,3.755,3.735,3.751,5619.36,21078.21936
2023-08-25 16:07:00,3.752,3.754,3.737,3.737,2923.97,10926.87589
2023-08-25 16:08:00,3.737,3.751,3.737,3.748,4303.53,16129.63044
2023-08-25 16:09:00,3.749,3.752,3.741,3.744,1862.81,6974.36064
2023-08-25 16:10:00,3.743,3.751,3.74,3.747,4703.55,17624.20185
2023-08-25 16:11:00,3.747,3.747,3.74,3.741,1739.92,6509.040720000001
2023-08-25 16:12:00,3.741,3.752,3.741,3.748,3505.67,13139.251160000002
2023-08-25 16:13:00,3.748,3.751,3.742,3.744,2880.88,10786.014720000001
2023-08-25 16:14:00,3.745,3.746,3.741,3.743,1917.51,7177.23993
2023-08-25 16:15:00,3.742,3.747,3.739,3.746,2915.35,10920.9011
2023-08-25 16:16:00,3.747,3.748,3.739,3.742,2801.98,10485.00916
2023-08-25 16:17:00,3.741,3.743,3.735,3.736,3820.14,14272.04304
2023-08-25 16:18:00,3.736,3.737,3.733,3.735,2183.64,8155.895399999999
2023-08-25 16:19:00,3.734,3.735,3.732,3.733,3086.76,11522.875080000002
2023-08-25 16:20:00,3.734,3.734,3.724,3.728,8680.39,32360.49392
2023-08-25 16:21:00,3.729,3.732,3.727,3.732,3022.93,11281.57476
2023-08-25 16:22:00,3.731,3.732,3.725,3.73,1993.86,7437.0978
2023-08-25 16:23:00,3.731,3.732,3.725,3.73,4314.5,16093.085
2023-08-25 16:24:00,3.729,3.73,3.724,3.726,2460.19,9166.66794
2023-08-25 16:25:00,3.728,3.729,3.725,3.725,1520.9,5665.352500000001
2023-08-25 16:26:00,3.726,3.726,3.721,3.726,2436.78,9079.442280000001
2023-08-25 16:27:00,3.727,3.728,3.721,3.723,2021.88,7527.45924
2023-08-25 16:28:00,3.723,3.725,3.72,3.721,4559.04,16964.18784
2023-08-25 16:29:00,3.722,3.725,3.72,3.723,2672.61,9950.12703
2023-08-25 16:30:00,3.724,3.725,3.718,3.721,2131.0,7929.451
2023-08-25 16:31:00,3.721,3.725,3.719,3.723,4737.61,17638.12203
2023-08-25 16:32:00,3.724,3.726,3.72,3.725,2488.78,9270.705500000002
2023-08-25 16:33:00,3.725,3.726,3.719,3.719,3753.05,13957.59295
2023-08-25 16:34:00,3.719,3.72,3.707,3.707,2580.95,9567.581649999998
2023-08-25 16:35:00,3.708,3.711,3.706,3.707,6389.96,23687.58172
2023-08-25 16:36:00,3.708,3.709,3.7,3.701,9858.33,36485.67933
2023-08-25 16:37:00,3.701,3.705,3.7,3.702,8194.44,30335.816880000002
2023-08-25 16:38:00,3.703,3.705,3.7,3.703,3020.36,11184.39308
2023-08-25 16:39:00,3.703,3.708,3.701,3.708,4444.04,16478.50032
2023-08-25 16:40:00,3.707,3.709,3.7,3.701,4107.1,15200.377100000002
2023-08-25 16:41:00,3.701,3.705,3.701,3.704,1617.38,5990.775520000001
2023-08-25 16:42:00,3.705,3.71,3.701,3.709,2756.05,10222.189450000002
2023-08-25 16:43:00,3.71,3.71,3.702,3.705,2709.52,10038.7716
2023-08-25 16:44:00,3.705,3.705,3.698,3.699,4225.55,15630.30945
2023-08-25 16:45:00,3.7,3.724,3.696,3.715,14043.32,52170.9338
2023-08-25 16:46:00,3.716,3.723,3.71,3.71,3134.63,11629.4773
2023-08-25 16:47:00,3.711,3.712,3.704,3.712,1763.57,6546.37184
2023-08-25 16:48:00,3.712,3.713,3.709,3.712,1931.08,7168.16896
2023-08-25 16:49:00,3.713,3.72,3.705,3.706,3413.53,12650.54218
2023-08-25 16:50:00,3.713,3.714,3.71,3.711,2050.46,7609.25706
2023-08-25 16:51:00,3.71,3.71,3.7,3.701,5247.47,19420.88647
2023-08-25 16:52:00,3.7,3.701,3.69,3.693,6977.92,25769.45856
2023-08-25 16:53:00,3.693,3.693,3.682,3.683,2857.29,10523.39907
2023-08-25 16:54:00,3.683,3.689,3.68,3.682,10093.96,37165.960719999995
2023-08-25 16:55:00,3.683,3.688,3.679,3.68,6236.9,22951.792
2023-08-25 16:56:00,3.68,3.683,3.676,3.679,6290.5,23142.749499999998
2023-08-25 16:57:00,3.679,3.685,3.679,3.684,3749.25,13812.237000000001
2023-08-25 16:58:00,3.685,3.687,3.684,3.684,2256.61,8313.35124
2023-08-25 16:59:00,3.684,3.685,3.682,3.682,1038.83,3824.9720599999996
2023-08-25 17:00:00,3.682,3.683,3.673,3.673,7182.58,26381.61634
2023-08-25 17:01:00,3.673,3.688,3.673,3.687,3661.8,13501.0566
2023-08-25 17:02:00,3.687,3.69,3.682,3.683,1905.51,7017.993329999999
2023-08-25 17:03:00,3.683,3.683,3.676,3.678,1425.88,5244.386640000001
2023-08-25 17:04:00,3.678,3.686,3.675,3.685,4016.55,14800.98675
2023-08-25 17:05:00,3.685,3.686,3.677,3.677,2226.8,8187.9436000000005
2023-08-25 17:06:00,3.678,3.681,3.677,3.68,811.25,2985.4
2023-08-25 17:07:00,3.68,3.68,3.677,3.679,2793.61,10277.69119
2023-08-25 17:08:00,3.678,3.681,3.678,3.681,1668.41,6141.4172100000005
2023-08-25 17:09:00,3.68,3.681,3.678,3.681,1301.21,4789.754010000001
2023-08-25 17:10:00,3.68,3.682,3.679,3.68,2010.01,7396.8368
2023-08-25 17:11:00,3.681,3.682,3.681,3.681,1805.31,6645.3461099999995
2023-08-25 17:12:00,3.681,3.684,3.68,3.681,5223.1,19226.2311
2023-08-25 17:13:00,3.68,3.681,3.678,3.678,2497.86,9187.12908
2023-08-25 17:14:00,3.679,3.679,3.678,3.679,1424.03,5239.00637
2023-08-25 17:15:00,3.679,3.679,3.675,3.676,2326.28,8551.40528
2023-08-25 17:16:00,3.677,3.678,3.672,3.674,3997.14,14685.492359999998
2023-08-25 17:17:00,3.673,3.676,3.671,3.674,2692.19,9891.10606
2023-08-25 17:18:00,3.674,3.675,3.671,3.673,2104.37,7729.351009999999
2023-08-25 17:19:00,3.672,3.673,3.662,3.664,2303.49,8439.98736
2023-08-25 17:20:00,3.663,3.664,3.659,3.661,4480.72,16403.91592
2023-08-25 17:21:00,3.662,3.67,3.661,3.667,4215.91,15459.74197
2023-08-25 17:22:00,3.668,3.677,3.665,3.669,4460.68,16366.23492
2023-08-25 17:23:00,3.671,3.671,3.664,3.666,2158.73,7913.9041799999995
2023-08-25 17:24:00,3.667,3.668,3.665,3.665,3101.89,11368.42685
2023-08-25 17:25:00,3.666,3.681,3.662,3.68,5174.12,19040.7616
2023-08-25 17:26:00,3.68,3.682,3.676,3.678,1609.26,5918.8582799999995
2023-08-25 17:27:00,3.677,3.677,3.673,3.676,2129.75,7828.961
2023-08-25 17:28:00,3.678,3.683,3.678,3.679,2121.8,7806.1022
2023-08-25 17:29:00,3.68,3.688,3.68,3.688,3012.59,11110.43192
2023-08-25 17:30:00,3.687,3.69,3.68,3.687,3805.25,14029.95675
2023-08-25 17:31:00,3.687,3.688,3.684,3.685,2261.9,8335.1015
2023-08-25 17:32:00,3.685,3.688,3.681,3.688,2875.2,10603.7376
2023-08-25 17:33:00,3.688,3.69,3.684,3.688,2627.52,9690.29376
2023-08-25 17:34:00,3.687,3.689,3.685,3.686,1242.34,4579.26524
2023-08-25 17:35:00,3.686,3.687,3.676,3.676,2494.07,9168.20132
2023-08-25 17:36:00,3.677,3.677,3.674,3.675,2183.18,8023.186499999999
2023-08-25 17:37:00,3.675,3.687,3.674,3.685,1762.69,6495.512650000001
2023-08-25 17:38:00,3.684,3.684,3.666,3.667,2875.62,10544.898539999998
2023-08-25 17:39:00,3.668,3.668,3.664,3.665,1852.91,6790.915150000001
2023-08-25 17:40:00,3.665,3.67,3.66,3.666,5646.28,20699.262479999998
2023-08-25 17:41:00,3.665,3.669,3.66,3.669,4086.79,14994.43251
2023-08-25 17:42:00,3.668,3.671,3.662,3.665,4517.68,16557.2972
2023-08-25 17:43:00,3.665,3.665,3.661,3.662,2088.98,7649.84476
2023-08-25 17:44:00,3.661,3.662,3.66,3.661,3412.28,12492.357080000002
2023-08-25 17:45:00,3.662,3.662,3.659,3.659,4110.47,15040.20973
2023-08-25 17:46:00,3.66,3.66,3.53,3.585,131979.57,473146.75845
2023-08-25 17:47:00,3.584,3.596,3.567,3.59,26009.59,93374.42809999999
2023-08-25 17:48:00,3.59,3.593,3.571,3.591,12279.89,44097.08499
2023-08-25 17:49:00,3.59,3.605,3.582,3.592,14928.07,53621.62744
2023-08-25 17:50:00,3.591,3.603,3.588,3.603,9153.68,32980.70904
2023-08-25 17:51:00,3.603,3.608,3.597,3.607,8337.24,30072.42468
2023-08-25 17:52:00,3.607,3.611,3.606,3.61,2909.71,10504.0531
2023-08-25 17:53:00,3.611,3.616,3.611,3.613,4966.53,17944.07289
2023-08-25 17:54:00,3.615,3.617,3.613,3.615,1989.77,7193.018550000001
2023-08-25 17:55:00,3.614,3.615,3.604,3.605,2293.19,8266.94995
2023-08-25 17:56:00,3.603,3.604,3.596,3.6,9130.18,32868.648
2023-08-25 17:57:00,3.601,3.609,3.596,3.609,6415.57,23153.792129999998
2023-08-25 17:58:00,3.608,3.609,3.598,3.599,6014.13,21644.853870000003
2023-08-25 17:59:00,3.6,3.601,3.596,3.601,8343.7,30045.6637
2023-08-25 18:00:00,3.6,3.6,3.587,3.597,4500.51,16188.33447
2023-08-25 18:01:00,3.599,3.599,3.588,3.588,2537.95,9106.1646
2023-08-25 18:02:00,3.589,3.592,3.588,3.589,6779.79,24332.66631
2023-08-25 18:03:00,3.59,3.591,3.579,3.583,4577.21,16400.14343
2023-08-25 18:04:00,3.582,3.585,3.574,3.576,15136.08,54126.62208
2023-08-25 18:05:00,3.576,3.577,3.551,3.553,11642.3,41365.0919
2023-08-25 18:06:00,3.551,3.562,3.547,3.557,6553.11,23309.412269999997
2023-08-25 18:07:00,3.556,3.562,3.545,3.551,8327.01,29569.21251
2023-08-25 18:08:00,3.55,3.553,3.534,3.538,10522.59,37228.92342
2023-08-25 18:09:00,3.538,3.542,3.526,3.536,21339.27,75455.65872
2023-08-25 18:10:00,3.537,3.552,3.534,3.536,8213.01,29041.20336
2023-08-25 18:11:00,3.536,3.546,3.533,3.544,12462.69,44167.77336
2023-08-25 18:12:00,3.543,3.554,3.542,3.545,7649.8,27118.541
2023-08-25 18:13:00,3.546,3.55,3.546,3.55,6617.07,23490.598499999996
2023-08-25 18:14:00,3.55,3.55,3.544,3.547,3744.34,13281.173980000001
2023-08-25 18:15:00,3.548,3.558,3.531,3.556,7125.65,25338.8114
2023-08-25 18:16:00,3.556,3.559,3.555,3.558,3668.18,13051.384439999998
2023-08-25 18:17:00,3.558,3.558,3.551,3.555,3345.31,11892.57705
2023-08-25 18:18:00,3.555,3.555,3.553,3.554,2700.26,9596.724040000001
2023-08-25 18:19:00,3.555,3.559,3.554,3.559,2224.76,7917.920840000002
2023-08-25 18:20:00,3.558,3.571,3.558,3.569,2828.55,10095.09495
2023-08-25 18:21:00,3.568,3.579,3.568,3.576,6266.33,22408.39608
2023-08-25 18:22:00,3.578,3.584,3.575,3.583,7357.45,26361.74335
2023-08-25 18:23:00,3.584,3.592,3.583,3.589,6229.62,22358.10618
2023-08-25 18:24:00,3.59,3.594,3.587,3.592,3661.35,13151.5692
2023-08-25 18:25:00,3.592,3.595,3.588,3.59,4103.56,14731.780400000001
2023-08-25 18:26:00,3.591,3.592,3.584,3.588,5601.67,20098.791960000002
2023-08-25 18:27:00,3.587,3.591,3.584,3.588,5038.75,18079.035
2023-08-25 18:28:00,3.589,3.593,3.589,3.592,1614.36,5798.78112
2023-08-25 18:29:00,3.59,3.593,3.59,3.59,6073.58,21804.1522
2023-08-25 18:30:00,3.59,3.596,3.58,3.58,3563.62,12757.7596
2023-08-25 18:31:00,3.58,3.584,3.574,3.577,2861.23,10234.61971
2023-08-25 18:32:00,3.577,3.585,3.574,3.585,2956.86,10600.3431
2023-08-25 18:33:00,3.585,3.589,3.583,3.584,3154.0,11303.936
2023-08-25 18:34:00,3.585,3.598,3.584,3.595,2895.0,10407.525000000001
2023-08-25 18:35:00,3.595,3.6,3.595,3.598,2269.9,8167.1002
2023-08-25 18:36:00,3.598,3.605,3.597,3.604,4094.14,14755.28056
2023-08-25 18:37:00,3.604,3.609,3.603,3.605,2743.64,9890.822199999999
2023-08-25 18:38:00,3.606,3.613,3.605,3.613,3226.51,11657.380630000001
2023-08-25 18:39:00,3.612,3.615,3.602,3.603,5507.32,19842.87396
2023-08-25 18:40:00,3.604,3.604,3.594,3.595,4461.91,16040.56645
2023-08-25 18:41:00,3.594,3.596,3.59,3.595,2150.08,7729.537600000001
2023-08-25 18:42:00,3.594,3.595,3.575,3.577,3810.97,13631.839689999999
2023-08-25 18:43:00,3.577,3.577,3.57,3.576,3803.0,13599.528
2023-08-25 18:44:00,3.575,3.589,3.575,3.585,8278.71,29679.175349999998
2023-08-25 18:45:00,3.586,3.595,3.585,3.595,3236.32,11634.5704
2023-08-25 18:46:00,3.596,3.605,3.591,3.592,6096.45,21898.4484
2023-08-25 18:47:00,3.592,3.605,3.588,3.604,6322.67,22786.90268
2023-08-25 18:48:00,3.604,3.609,3.603,3.606,3028.44,10920.55464
2023-08-25 18:49:00,3.604,3.618,3.603,3.607,6238.27,22501.43989
2023-08-25 18:50:00,3.607,3.613,3.606,3.61,3314.06,11963.756599999999
2023-08-25 18:51:00,3.61,3.615,3.61,3.611,5069.4,18305.6034
2023-08-25 18:52:00,3.613,3.616,3.611,3.614,3650.95,13194.5333
2023-08-25 18:53:00,3.613,3.615,3.61,3.615,2446.5,8844.0975
2023-08-25 18:54:00,3.614,3.615,3.611,3.613,3806.16,13751.656079999999
2023-08-25 18:55:00,3.613,3.62,3.613,3.617,4805.02,17379.75734
2023-08-25 18:56:00,3.617,3.62,3.614,3.618,2142.39,7751.167019999999
2023-08-25 18:57:00,3.617,3.622,3.616,3.621,3594.46,13015.53966
2023-08-25 18:58:00,3.62,3.627,3.619,3.626,4551.35,16503.1951
2023-08-25 18:59:00,3.626,3.627,3.622,3.625,3916.27,14196.47875
2023-08-25 19:00:00,3.626,3.63,3.625,3.626,3546.62,12860.044119999999
2023-08-25 19:01:00,3.627,3.633,3.624,3.631,5630.12,20442.96572
2023-08-25 19:02:00,3.632,3.637,3.63,3.632,4828.31,17536.42192
2023-08-25 19:03:00,3.631,3.633,3.624,3.625,7709.85,27948.206250000003
2023-08-25 19:04:00,3.624,3.63,3.618,3.629,1971.38,7154.13802
2023-08-25 19:05:00,3.63,3.641,3.63,3.633,5870.42,21327.23586
2023-08-25 19:06:00,3.634,3.647,3.633,3.642,11424.64,41608.53888
2023-08-25 19:07:00,3.641,3.645,3.64,3.64,2058.96,7494.6144
2023-08-25 19:08:00,3.639,3.642,3.637,3.638,2859.54,10403.006519999999
2023-08-25 19:09:00,3.638,3.638,3.624,3.624,4842.66,17549.79984
2023-08-25 19:10:00,3.622,3.622,3.605,3.605,6766.88,24394.6024
2023-08-25 19:11:00,3.606,3.621,3.606,3.619,3799.94,13751.982860000002
2023-08-25 19:12:00,3.619,3.622,3.613,3.618,1377.5,4983.795
2023-08-25 19:13:00,3.619,3.62,3.613,3.613,1278.64,4619.726320000001
2023-08-25 19:14:00,3.614,3.614,3.602,3.607,2737.57,9874.414990000001
2023-08-25 19:15:00,3.608,3.615,3.607,3.613,1255.6,4536.4828
2023-08-25 19:16:00,3.615,3.625,3.613,3.619,3511.02,12706.38138
2023-08-25 19:17:00,3.618,3.622,3.611,3.611,1131.88,4087.2186800000004
2023-08-25 19:18:00,3.61,3.614,3.606,3.609,4762.17,17186.67153
2023-08-25 19:19:00,3.609,3.619,3.609,3.613,1844.17,6662.98621
2023-08-25 19:20:00,3.615,3.617,3.612,3.615,1671.39,6042.074850000001
2023-08-25 19:21:00,3.617,3.619,3.61,3.611,2938.23,10609.948530000001
2023-08-25 19:22:00,3.611,3.614,3.61,3.611,1360.92,4914.282120000001
2023-08-25 19:23:00,3.611,3.612,3.606,3.608,3343.73,12064.17784
2023-08-25 19:24:00,3.609,3.609,3.6,3.602,3280.65,11816.9013
2023-08-25 19:25:00,3.604,3.604,3.596,3.598,1882.84,6774.45832
2023-08-25 19:26:00,3.598,3.598,3.59,3.592,1728.33,6208.16136
2023-08-25 19:27:00,3.591,3.6,3.589,3.597,4795.64,17249.91708
2023-08-25 19:28:00,3.597,3.601,3.595,3.597,2664.57,9584.45829
2023-08-25 19:29:00,3.598,3.602,3.595,3.599,763.26,2746.97274
2023-08-25 19:30:00,3.597,3.599,3.592,3.595,1707.07,6136.91665
2023-08-25 19:31:00,3.595,3.596,3.591,3.595,1740.01,6255.335950000001
2023-08-25 19:32:00,3.594,3.595,3.591,3.592,1485.46,5335.77232
2023-08-25 19:33:00,3.594,3.594,3.59,3.591,1605.53,5765.45823
2023-08-25 19:34:00,3.591,3.593,3.577,3.581,5596.39,20040.672590000002
2023-08-25 19:35:00,3.583,3.583,3.578,3.581,1668.61,5975.29241
2023-08-25 19:36:00,3.582,3.588,3.578,3.586,3595.07,12891.92102
2023-08-25 19:37:00,3.586,3.587,3.585,3.586,904.38,3243.10668
2023-08-25 19:38:00,3.585,3.589,3.577,3.579,3842.77,13753.27383
2023-08-25 19:39:00,3.581,3.584,3.579,3.58,1637.69,5862.930200000001
2023-08-25 19:40:00,3.579,3.579,3.57,3.573,1327.69,4743.83637
2023-08-25 19:41:00,3.575,3.576,3.57,3.574,1611.67,5760.10858
2023-08-25 19:42:00,3.575,3.575,3.57,3.572,1474.33,5266.3067599999995
2023-08-25 19:43:00,3.572,3.58,3.571,3.577,1851.7,6623.5309
2023-08-25 19:44:00,3.576,3.58,3.574,3.578,1997.29,7146.30362
2023-08-25 19:45:00,3.577,3.581,3.576,3.578,2155.06,7710.804679999999
2023-08-25 19:46:00,3.578,3.581,3.578,3.58,1379.01,4936.8558
2023-08-25 19:47:00,3.581,3.588,3.581,3.587,2164.34,7763.487580000001
2023-08-25 19:48:00,3.587,3.591,3.587,3.588,1869.37,6707.2995599999995
2023-08-25 19:49:00,3.589,3.591,3.587,3.59,1699.31,6100.5229
2023-08-25 19:50:00,3.59,3.59,3.585,3.585,2273.76,8151.4296
2023-08-25 19:51:00,3.586,3.586,3.583,3.585,1222.36,4382.160599999999
2023-08-25 19:52:00,3.584,3.585,3.58,3.58,1925.64,6893.791200000001
2023-08-25 19:53:00,3.58,3.581,3.577,3.578,2551.89,9130.662419999999
2023-08-25 19:54:00,3.578,3.58,3.574,3.579,2320.84,8306.28636
2023-08-25 19:55:00,3.58,3.583,3.579,3.579,2802.06,10028.57274
2023-08-25 19:56:00,3.58,3.582,3.577,3.578,1272.11,4551.609579999999
2023-08-25 19:57:00,3.578,3.582,3.577,3.581,1191.76,4267.6925599999995
2023-08-25 19:58:00,3.582,3.586,3.581,3.586,833.31,2988.2496599999995
2023-08-25 19:59:00,3.585,3.587,3.584,3.584,1314.12,4709.806079999999
2023-08-25 20:00:00,3.584,3.586,3.575,3.584,1739.29,6233.61536
2023-08-25 20:01:00,3.583,3.583,3.572,3.572,1865.44,6663.351680000001
2023-08-25 20:02:00,3.573,3.575,3.568,3.574,3820.54,13654.60996
2023-08-25 20:03:00,3.574,3.586,3.57,3.572,3500.61,12504.17892
2023-08-25 20:04:00,3.572,3.572,3.564,3.567,4853.0,17310.651
2023-08-25 20:05:00,3.567,3.571,3.567,3.569,1598.37,5704.58253
2023-08-25 20:06:00,3.568,3.573,3.567,3.57,1707.6,6096.132
2023-08-25 20:07:00,3.57,3.573,3.569,3.571,1057.24,3775.4040400000004
2023-08-25 20:08:00,3.572,3.573,3.57,3.571,605.49,2162.2047900000002
2023-08-25 20:09:00,3.57,3.575,3.57,3.574,786.35,2810.4148999999998
2023-08-25 20:10:00,3.574,3.575,3.567,3.567,1107.56,3950.66652
2023-08-25 20:11:00,3.568,3.572,3.567,3.571,1098.71,3923.4934100000005
2023-08-25 20:12:00,3.572,3.575,3.571,3.574,1714.85,6128.8739
2023-08-25 20:13:00,3.573,3.577,3.573,3.575,1607.47,5746.70525
2023-08-25 20:14:00,3.576,3.576,3.569,3.574,1980.51,7078.34274
2023-08-25 20:15:00,3.575,3.578,3.575,3.575,1801.82,6441.5065
2023-08-25 20:16:00,3.575,3.581,3.573,3.581,2415.65,8650.44265
2023-08-25 20:17:00,3.582,3.584,3.569,3.569,1116.07,3983.2538299999997
2023-08-25 20:18:00,3.568,3.577,3.566,3.571,2405.17,8588.862070000001
2023-08-25 20:19:00,3.572,3.572,3.566,3.567,1871.95,6677.245650000001
2023-08-25 20:20:00,3.568,3.573,3.562,3.565,5319.21,18962.98365
2023-08-25 20:21:00,3.567,3.576,3.564,3.576,2801.75,10019.058
2023-08-25 20:22:00,3.577,3.58,3.568,3.568,1956.14,6979.50752
2023-08-25 20:23:00,3.569,3.57,3.568,3.569,627.62,2239.9757799999998
2023-08-25 20:24:00,3.57,3.572,3.562,3.563,2145.31,7643.73953
2023-08-25 20:25:00,3.563,3.563,3.557,3.56,3767.84,13413.510400000001
2023-08-25 20:26:00,3.559,3.573,3.559,3.573,8745.44,31247.457120000003
2023-08-25 20:27:00,3.574,3.576,3.573,3.574,660.65,2361.1630999999998
2023-08-25 20:28:00,3.575,3.577,3.574,3.576,1483.09,5303.52984
2023-08-25 20:29:00,3.575,3.583,3.575,3.582,3174.24,11370.12768
2023-08-25 20:30:00,3.582,3.584,3.579,3.582,1038.66,3720.48012
2023-08-25 20:31:00,3.582,3.584,3.576,3.583,1455.37,5214.5907099999995
2023-08-25 20:32:00,3.583,3.585,3.579,3.58,1116.24,3996.1392
2023-08-25 20:33:00,3.581,3.582,3.579,3.58,869.83,3113.9914000000003
2023-08-25 20:34:00,3.581,3.587,3.58,3.586,1344.27,4820.55222
2023-08-25 20:35:00,3.586,3.59,3.577,3.577,2337.75,8362.13175
2023-08-25 20:36:00,3.577,3.589,3.577,3.588,1901.49,6822.54612
2023-08-25 20:37:00,3.59,3.59,3.577,3.581,2363.61,8464.08741
2023-08-25 20:38:00,3.582,3.587,3.58,3.586,586.61,2103.58346
2023-08-25 20:39:00,3.587,3.59,3.582,3.586,1458.29,5229.42794
2023-08-25 20:40:00,3.586,3.591,3.584,3.59,1406.43,5049.0837
2023-08-25 20:41:00,3.589,3.594,3.589,3.593,2249.87,8083.78291
2023-08-25 20:42:00,3.594,3.595,3.587,3.588,2019.95,7247.5806
2023-08-25 20:43:00,3.59,3.592,3.586,3.59,2036.73,7311.8607
2023-08-25 20:44:00,3.59,3.59,3.588,3.59,768.46,2758.7714
2023-08-25 20:45:00,3.589,3.59,3.588,3.59,947.09,3400.0531
2023-08-25 20:46:00,3.589,3.59,3.589,3.589,1053.9,3782.4471000000003
2023-08-25 20:47:00,3.59,3.59,3.586,3.587,1763.27,6324.8494900000005
2023-08-25 20:48:00,3.586,3.59,3.586,3.589,694.25,2491.66325
2023-08-25 20:49:00,3.59,3.597,3.589,3.597,1945.84,6999.186479999999
2023-08-25 20:50:00,3.594,3.598,3.594,3.598,1341.72,4827.50856
2023-08-25 20:51:00,3.598,3.598,3.597,3.598,343.84,1237.1363199999998
2023-08-25 20:52:00,3.597,3.598,3.596,3.596,1376.83,4951.08068
2023-08-25 20:53:00,3.597,3.597,3.592,3.597,878.41,3159.64077
2023-08-25 20:54:00,3.596,3.6,3.596,3.6,686.75,2472.3
2023-08-25 20:55:00,3.601,3.602,3.595,3.601,2194.37,7901.926369999999
2023-08-25 20:56:00,3.6,3.602,3.597,3.599,185.37,667.1466300000001
2023-08-25 20:57:00,3.599,3.604,3.595,3.602,1666.87,6004.065739999999
2023-08-25 20:58:00,3.601,3.602,3.6,3.6,879.86,3167.496
2023-08-25 20:59:00,3.601,3.605,3.601,3.604,974.5,3512.098
2023-08-25 21:00:00,3.603,3.61,3.602,3.608,3806.26,13732.98608
2023-08-25 21:01:00,3.608,3.613,3.607,3.61,3417.1,12335.731
2023-08-25 21:02:00,3.611,3.613,3.61,3.612,299.08,1080.27696
2023-08-25 21:03:00,3.612,3.615,3.612,3.615,748.45,2705.6467500000003
2023-08-25 21:04:00,3.614,3.615,3.612,3.613,1140.37,4120.1568099999995
2023-08-25 21:05:00,3.612,3.613,3.595,3.595,2255.09,8107.048550000001
2023-08-25 21:06:00,3.595,3.607,3.595,3.605,1048.58,3780.1308999999997
2023-08-25 21:07:00,3.606,3.606,3.595,3.596,1614.66,5806.31736
2023-08-25 21:08:00,3.594,3.594,3.585,3.59,3916.81,14061.347899999999
2023-08-25 21:09:00,3.594,3.6,3.594,3.599,944.09,3397.77991
2023-08-25 21:10:00,3.599,3.6,3.597,3.598,1480.9,5328.2782
2023-08-25 21:11:00,3.598,3.599,3.597,3.599,126.66,455.84934000000004
2023-08-25 21:12:00,3.598,3.599,3.596,3.598,221.34,796.38132
2023-08-25 21:13:00,3.598,3.599,3.596,3.596,358.09,1287.69164
2023-08-25 21:14:00,3.597,3.599,3.597,3.597,114.01,410.09397
2023-08-25 21:15:00,3.597,3.597,3.592,3.594,592.86,2130.73884
2023-08-25 21:16:00,3.594,3.595,3.593,3.593,91.51,328.79543
2023-08-25 21:17:00,3.592,3.593,3.587,3.592,698.18,2507.86256
2023-08-25 21:18:00,3.593,3.595,3.588,3.588,721.61,2589.13668
2023-08-25 21:19:00,3.588,3.591,3.588,3.591,152.51,547.66341
2023-08-25 21:20:00,3.59,3.591,3.586,3.589,877.41,3149.02449
2023-08-25 21:21:00,3.591,3.593,3.589,3.589,328.88,1180.35032
2023-08-25 21:22:00,3.588,3.589,3.588,3.588,263.33,944.82804
2023-08-25 21:23:00,3.588,3.588,3.587,3.587,205.42,736.84154
2023-08-25 21:24:00,3.589,3.596,3.589,3.595,423.19,1521.36805
2023-08-25 21:25:00,3.594,3.594,3.587,3.587,522.13,1872.88031
2023-08-25 21:26:00,3.587,3.587,3.585,3.585,322.64,1156.6644
2023-08-25 21:27:00,3.585,3.585,3.582,3.582,427.39,1530.9109799999999
2023-08-25 21:28:00,3.581,3.581,3.576,3.577,1378.61,4931.287969999999
2023-08-25 21:29:00,3.577,3.581,3.574,3.577,2382.3,8521.4871
2023-08-25 21:30:00,3.578,3.58,3.575,3.575,541.13,1934.5397500000001
2023-08-25 21:31:00,3.574,3.577,3.573,3.577,421.36,1507.20472
2023-08-25 21:32:00,3.576,3.577,3.575,3.576,408.65,1461.3324
2023-08-25 21:33:00,3.576,3.576,3.574,3.574,337.22,1205.2242800000001
2023-08-25 21:34:00,3.575,3.578,3.575,3.578,606.27,2169.2340599999998
2023-08-25 21:35:00,3.578,3.597,3.578,3.595,10001.33,35954.781350000005
2023-08-25 21:36:00,3.596,3.596,3.593,3.595,278.38,1000.7761
2023-08-25 21:37:00,3.593,3.595,3.593,3.593,636.51,2286.98043
2023-08-25 21:38:00,3.593,3.594,3.591,3.591,591.57,2124.32787
2023-08-25 21:39:00,3.591,3.591,3.588,3.589,1872.32,6719.75648
2023-08-25 21:40:00,3.589,3.591,3.589,3.591,1129.36,4055.53176
2023-08-25 21:41:00,3.59,3.593,3.589,3.59,2162.81,7764.487899999999
2023-08-25 21:42:00,3.59,3.591,3.589,3.59,496.43,1782.1837
2023-08-25 21:43:00,3.59,3.591,3.587,3.589,382.11,1371.39279
2023-08-25 21:44:00,3.589,3.59,3.587,3.59,2085.85,7488.201499999999
2023-08-25 21:45:00,3.59,3.591,3.587,3.587,623.3,2235.7771
2023-08-25 21:46:00,3.587,3.587,3.581,3.584,3931.6,14090.8544
2023-08-25 21:47:00,3.583,3.584,3.582,3.582,293.1,1049.8842
2023-08-25 21:48:00,3.585,3.585,3.584,3.584,208.47,747.15648
2023-08-25 21:49:00,3.585,3.586,3.584,3.584,552.32,1979.5148800000002
2023-08-25 21:50:00,3.586,3.587,3.583,3.585,830.79,2978.38215
2023-08-25 21:51:00,3.585,3.586,3.584,3.584,700.68,2511.23712
2023-08-25 21:52:00,3.585,3.586,3.583,3.584,922.9,3307.6736
2023-08-25 21:53:00,3.586,3.589,3.585,3.589,451.58,1620.7206199999998
2023-08-25 21:54:00,3.588,3.588,3.587,3.587,46.87,168.12269
2023-08-25 21:55:00,3.588,3.588,3.584,3.585,535.75,1920.66375
2023-08-25 21:56:00,3.585,3.588,3.585,3.587,191.13,685.58331
2023-08-25 21:57:00,3.587,3.587,3.584,3.586,2074.0,7437.364
2023-08-25 21:58:00,3.585,3.585,3.581,3.582,885.11,3170.46402
2023-08-25 21:59:00,3.583,3.583,3.576,3.576,2306.37,8247.57912
2023-08-25 22:00:00,3.577,3.581,3.577,3.58,238.49,853.7942
2023-08-25 22:01:00,3.581,3.583,3.581,3.583,495.17,1774.1941100000001
2023-08-25 22:02:00,3.583,3.583,3.583,3.583,2.79,9.99657
2023-08-25 22:03:00,3.583,3.585,3.582,3.585,108.1,387.5385
2023-08-25 22:04:00,3.584,3.585,3.584,3.584,64.92,232.67328
2023-08-25 22:05:00,3.585,3.587,3.584,3.586,213.72,766.39992
2023-08-25 22:06:00,3.589,3.591,3.577,3.585,2726.2,9773.427
2023-08-25 22:07:00,3.585,3.589,3.581,3.581,1205.83,4318.07723
2023-08-25 22:08:00,3.583,3.589,3.58,3.589,1562.15,5606.55635
2023-08-25 22:09:00,3.588,3.593,3.588,3.593,155.06,557.13058
2023-08-25 22:10:00,3.592,3.593,3.592,3.592,48.96,175.86432000000002
2023-08-25 22:11:00,3.592,3.597,3.592,3.597,634.71,2283.0518700000002
2023-08-25 22:12:00,3.596,3.598,3.593,3.598,3527.69,12692.62862
2023-08-25 22:13:00,3.599,3.602,3.597,3.602,1439.36,5184.57472
2023-08-25 22:14:00,3.601,3.602,3.601,3.602,795.83,2866.57966
2023-08-25 22:15:00,3.602,3.605,3.601,3.605,1835.97,6618.67185
2023-08-25 22:16:00,3.603,3.603,3.601,3.601,76.12,274.10812000000004
2023-08-25 22:17:00,3.597,3.604,3.594,3.601,1069.21,3850.22521
2023-08-25 22:18:00,3.601,3.603,3.599,3.599,1312.51,4723.72349
2023-08-25 22:19:00,3.598,3.604,3.595,3.601,952.16,3428.7281599999997
2023-08-25 22:20:00,3.6,3.601,3.598,3.599,768.2,2764.7518000000005
2023-08-25 22:21:00,3.6,3.603,3.6,3.601,1117.03,4022.42503
2023-08-25 22:22:00,3.603,3.604,3.599,3.599,828.42,2981.48358
2023-08-25 22:23:00,3.6,3.604,3.599,3.602,796.02,2867.26404
2023-08-25 22:24:00,3.603,3.604,3.599,3.602,1131.35,4075.1226999999994
2023-08-25 22:25:00,3.604,3.605,3.603,3.603,883.43,3182.99829
2023-08-25 22:26:00,3.603,3.606,3.603,3.605,596.61,2150.77905
2023-08-25 22:27:00,3.603,3.607,3.603,3.604,718.87,2590.80748
2023-08-25 22:28:00,3.604,3.606,3.603,3.606,797.19,2874.66714
2023-08-25 22:29:00,3.605,3.607,3.604,3.606,784.46,2828.76276
2023-08-25 22:30:00,3.607,3.608,3.604,3.606,564.01,2033.8200599999998
2023-08-25 22:31:00,3.605,3.607,3.603,3.603,459.47,1655.4704100000001
2023-08-25 22:32:00,3.602,3.608,3.601,3.607,720.56,2599.05992
2023-08-25 22:33:00,3.608,3.61,3.607,3.609,632.26,2281.82634
2023-08-25 22:34:00,3.61,3.61,3.609,3.609,480.3,1733.4027
2023-08-25 22:35:00,3.61,3.612,3.609,3.612,576.3,2081.5956
2023-08-25 22:36:00,3.611,3.611,3.611,3.611,55.12,199.03832
2023-08-25 22:37:00,3.612,3.618,3.612,3.618,2445.98,8849.55564
2023-08-25 22:38:00,3.616,3.618,3.616,3.617,1092.44,3951.35548
2023-08-25 22:39:00,3.618,3.619,3.616,3.618,641.72,2321.74296
2023-08-25 22:40:00,3.616,3.619,3.616,3.618,4090.14,14798.12652
2023-08-25 22:41:00,3.618,3.62,3.617,3.618,1207.07,4367.17926
2023-08-25 22:42:00,3.618,3.619,3.618,3.618,907.29,3282.5752199999997
2023-08-25 22:43:00,3.618,3.62,3.618,3.619,1793.95,6492.305050000001
2023-08-25 22:44:00,3.62,3.62,3.619,3.62,793.69,2873.1578000000004
2023-08-25 22:45:00,3.621,3.626,3.621,3.623,1588.52,5755.207960000001
2023-08-25 22:46:00,3.624,3.624,3.622,3.622,223.18,808.35796
2023-08-25 22:47:00,3.623,3.625,3.623,3.625,1158.52,4199.635
2023-08-25 22:48:00,3.624,3.636,3.624,3.635,813.57,2957.32695
2023-08-25 22:49:00,3.636,3.636,3.629,3.631,758.44,2753.89564
2023-08-25 22:50:00,3.628,3.628,3.622,3.622,242.0,876.524
2023-08-25 22:51:00,3.622,3.623,3.62,3.62,728.32,2636.5184000000004
2023-08-25 22:52:00,3.62,3.62,3.618,3.618,308.27,1115.3208599999998
2023-08-25 22:53:00,3.618,3.618,3.613,3.613,669.46,2418.75898
2023-08-25 22:54:00,3.612,3.612,3.608,3.608,325.35,1173.8628
2023-08-25 22:55:00,3.609,3.609,3.608,3.608,131.61,474.84888000000007
2023-08-25 22:56:00,3.608,3.608,3.603,3.603,4988.49,17973.52947
2023-08-25 22:57:00,3.604,3.607,3.604,3.607,199.38,719.16366
2023-08-25 22:58:00,3.607,3.616,3.605,3.615,2270.6,8208.219000000001
2023-08-25 22:59:00,3.615,3.618,3.615,3.617,577.53,2088.9260099999997
2023-08-25 23:00:00,3.619,3.627,3.619,3.627,605.42,2195.8583399999998
2023-08-25 23:01:00,3.627,3.627,3.624,3.624,1164.44,4219.930560000001
2023-08-25 23:02:00,3.618,3.618,3.606,3.61,2147.52,7752.5472
2023-08-25 23:03:00,3.611,3.611,3.611,3.611,111.18,401.47098000000005
2023-08-25 23:04:00,3.618,3.622,3.618,3.622,627.07,2271.2475400000003
2023-08-25 23:05:00,3.623,3.624,3.614,3.618,930.11,3365.13798
2023-08-25 23:06:00,3.618,3.622,3.617,3.622,524.53,1899.84766
2023-08-25 23:07:00,3.622,3.626,3.622,3.626,373.63,1354.7823799999999
2023-08-25 23:08:00,3.625,3.628,3.624,3.625,700.7,2540.0375000000004
2023-08-25 23:09:00,3.624,3.631,3.624,3.63,2730.42,9911.4246
2023-08-25 23:10:00,3.629,3.631,3.628,3.629,835.8,3033.1182
2023-08-25 23:11:00,3.63,3.635,3.63,3.635,555.35,2018.69725
2023-08-25 23:12:00,3.635,3.635,3.632,3.635,1544.07,5612.694449999999
2023-08-25 23:13:00,3.635,3.636,3.635,3.636,184.46,670.6965600000001
2023-08-25 23:14:00,3.635,3.635,3.632,3.632,643.2,2336.1024
2023-08-25 23:15:00,3.632,3.632,3.619,3.619,1463.7,5297.130300000001
2023-08-25 23:16:00,3.619,3.619,3.618,3.619,252.6,914.1594
2023-08-25 23:17:00,3.618,3.619,3.613,3.613,1827.48,6602.68524
2023-08-25 23:18:00,3.615,3.615,3.614,3.615,164.4,594.306
2023-08-25 23:19:00,3.614,3.617,3.614,3.614,886.56,3204.0278399999997
2023-08-25 23:20:00,3.616,3.62,3.616,3.62,646.9,2341.778
2023-08-25 23:21:00,3.62,3.627,3.62,3.622,1155.28,4184.42416
2023-08-25 23:22:00,3.623,3.626,3.623,3.625,1063.03,3853.48375
2023-08-25 23:23:00,3.626,3.63,3.625,3.63,811.24,2944.8012
2023-08-25 23:24:00,3.63,3.632,3.625,3.628,707.41,2566.48348
2023-08-25 23:25:00,3.627,3.627,3.62,3.621,889.53,3220.9881299999997
2023-08-25 23:26:00,3.62,3.62,3.617,3.617,266.86,965.23262
2023-08-25 23:27:00,3.618,3.625,3.616,3.625,2360.32,8556.16
2023-08-25 23:28:00,3.626,3.626,3.624,3.626,336.16,1218.91616
2023-08-25 23:29:00,3.625,3.626,3.623,3.625,199.38,722.7524999999999
2023-08-25 23:30:00,3.626,3.632,3.626,3.631,344.98,1252.62238
2023-08-25 23:31:00,3.631,3.631,3.629,3.629,241.36,875.89544
2023-08-25 23:32:00,3.629,3.632,3.628,3.63,520.4,1889.052
2023-08-25 23:33:00,3.629,3.632,3.628,3.63,1192.98,4330.5174
2023-08-25 23:34:00,3.631,3.632,3.63,3.631,631.3,2292.2502999999997
2023-08-25 23:35:00,3.632,3.636,3.632,3.635,888.06,3228.0980999999997
2023-08-25 23:36:00,3.636,3.642,3.635,3.639,1141.71,4154.68269
2023-08-25 23:37:00,3.64,3.642,3.639,3.639,558.87,2033.7279299999998
2023-08-25 23:38:00,3.64,3.641,3.631,3.631,1513.56,5495.73636
2023-08-25 23:39:00,3.632,3.633,3.629,3.629,726.16,2635.2346399999997
2023-08-25 23:40:00,3.629,3.631,3.628,3.63,315.95,1146.8985
2023-08-25 23:41:00,3.635,3.636,3.634,3.636,133.72,486.20592
2023-08-25 23:42:00,3.635,3.636,3.635,3.635,145.94,530.4919
2023-08-25 23:43:00,3.636,3.64,3.636,3.64,926.59,3372.7876
2023-08-25 23:44:00,3.639,3.643,3.629,3.632,3550.82,12896.57824
2023-08-25 23:45:00,3.632,3.641,3.631,3.639,2133.15,7762.53285
2023-08-25 23:46:00,3.64,3.643,3.64,3.641,172.54,628.21814
2023-08-25 23:47:00,3.641,3.642,3.641,3.641,119.16,433.86156
2023-08-25 23:48:00,3.642,3.643,3.639,3.64,222.63,810.3732
2023-08-25 23:49:00,3.641,3.644,3.64,3.643,488.84,1780.8441199999997
2023-08-25 23:50:00,3.644,3.658,3.644,3.651,6393.04,23340.98904
2023-08-25 23:51:00,3.652,3.653,3.651,3.652,113.36,413.99072
2023-08-25 23:52:00,3.653,3.653,3.649,3.651,395.88,1445.3578799999998
2023-08-25 23:53:00,3.651,3.652,3.65,3.65,400.06,1460.219
2023-08-25 23:54:00,3.651,3.66,3.649,3.659,1868.23,6835.853569999999
2023-08-25 23:55:00,3.66,3.661,3.653,3.656,3611.01,13201.852560000001
2023-08-25 23:56:00,3.654,3.66,3.65,3.655,999.93,3654.7441499999995
2023-08-25 23:57:00,3.651,3.651,3.65,3.65,69.57,253.93049999999997
2023-08-25 23:58:00,3.651,3.651,3.645,3.647,2259.77,8241.38119
2023-08-25 23:59:00,3.65,3.652,3.646,3.647,819.0,2986.893
2023-08-26 00:00:00,3.647,3.652,3.647,3.652,155.57,568.14164
2023-08-26 00:01:00,3.652,3.653,3.652,3.653,139.89,511.01816999999994
2023-08-26 00:02:00,3.653,3.653,3.64,3.64,2553.19,9293.6116
2023-08-26 00:03:00,3.642,3.642,3.636,3.637,2496.88,9081.15256
2023-08-26 00:04:00,3.638,3.638,3.63,3.63,948.87,3444.3981
2023-08-26 00:05:00,3.629,3.629,3.623,3.624,5617.38,20357.385120000003
2023-08-26 00:06:00,3.624,3.624,3.622,3.622,54.74,198.26828
2023-08-26 00:07:00,3.621,3.622,3.6,3.602,4598.97,16565.48994
2023-08-26 00:08:00,3.601,3.613,3.594,3.602,13428.35,48368.9167
2023-08-26 00:09:00,3.605,3.608,3.599,3.599,829.05,2983.75095
2023-08-26 00:10:00,3.599,3.599,3.594,3.597,665.63,2394.27111
2023-08-26 00:11:00,3.603,3.604,3.589,3.591,1564.11,5616.71901
2023-08-26 00:12:00,3.591,3.592,3.582,3.587,4545.12,16303.345440000001
2023-08-26 00:13:00,3.588,3.588,3.584,3.588,1331.6,4777.7807999999995
2023-08-26 00:14:00,3.587,3.594,3.587,3.591,1600.17,5746.210470000001
2023-08-26 00:15:00,3.591,3.6,3.591,3.595,5693.9,20469.570499999998
2023-08-26 00:16:00,3.592,3.592,3.586,3.59,2182.11,7833.7749
2023-08-26 00:17:00,3.588,3.596,3.588,3.596,178.63,642.35348
2023-08-26 00:18:00,3.597,3.6,3.595,3.596,252.52,908.0619200000001
2023-08-26 00:19:00,3.597,3.6,3.596,3.597,1263.98,4546.53606
2023-08-26 00:20:00,3.596,3.598,3.596,3.597,405.98,1460.31006
2023-08-26 00:21:00,3.597,3.598,3.596,3.597,1966.95,7075.11915
2023-08-26 00:22:00,3.595,3.595,3.586,3.587,1979.74,7101.327380000001
2023-08-26 00:23:00,3.585,3.585,3.567,3.571,4179.58,14925.28018
2023-08-26 00:24:00,3.572,3.572,3.567,3.568,685.12,2444.50816
2023-08-26 00:25:00,3.567,3.579,3.566,3.578,628.75,2249.6675
2023-08-26 00:26:00,3.579,3.583,3.578,3.583,1730.71,6201.133930000001
2023-08-26 00:27:00,3.586,3.586,3.586,3.586,193.66,694.46476
2023-08-26 00:28:00,3.586,3.586,3.575,3.576,658.05,2353.1868
2023-08-26 00:29:00,3.576,3.577,3.57,3.571,2918.59,10422.28489
2023-08-26 00:30:00,3.571,3.574,3.57,3.572,824.48,2945.0425600000003
2023-08-26 00:31:00,3.572,3.572,3.566,3.566,1104.62,3939.0749199999996
2023-08-26 00:32:00,3.566,3.567,3.561,3.567,3883.81,13853.55027
2023-08-26 00:33:00,3.571,3.574,3.568,3.569,3630.55,12957.43295
2023-08-26 00:34:00,3.569,3.57,3.566,3.568,1254.72,4476.84096
2023-08-26 00:35:00,3.568,3.57,3.568,3.569,796.04,2841.0667599999997
2023-08-26 00:36:00,3.569,3.57,3.568,3.57,1002.9,3580.3529999999996
2023-08-26 00:37:00,3.571,3.586,3.571,3.586,1536.36,5509.38696
2023-08-26 00:38:00,3.586,3.592,3.586,3.592,2176.43,7817.736559999999
2023-08-26 00:39:00,3.591,3.591,3.571,3.576,2856.36,10214.34336
2023-08-26 00:40:00,3.574,3.574,3.57,3.571,530.91,1895.87961
2023-08-26 00:41:00,3.571,3.571,3.568,3.57,349.16,1246.5012
2023-08-26 00:42:00,3.57,3.573,3.568,3.569,701.66,2504.2245399999997
2023-08-26 00:43:00,3.569,3.571,3.543,3.549,6457.29,22916.92221
2023-08-26 00:44:00,3.547,3.561,3.542,3.552,5497.46,19526.97792
2023-08-26 00:45:00,3.554,3.557,3.554,3.556,218.97,778.65732
2023-08-26 00:46:00,3.556,3.556,3.548,3.553,857.93,3048.22529
2023-08-26 00:47:00,3.55,3.551,3.543,3.544,2591.46,9184.13424
2023-08-26 00:48:00,3.543,3.545,3.535,3.54,8090.53,28640.4762
2023-08-26 00:49:00,3.539,3.554,3.539,3.554,2238.74,7956.481959999999
2023-08-26 00:50:00,3.557,3.561,3.557,3.559,530.02,1886.3411800000001
2023-08-26 00:51:00,3.56,3.568,3.56,3.568,464.4,1656.9792
2023-08-26 00:52:00,3.568,3.569,3.554,3.555,1487.48,5287.9914
2023-08-26 00:53:00,3.555,3.555,3.55,3.551,1971.66,7001.36466
2023-08-26 00:54:00,3.551,3.553,3.55,3.552,1140.78,4052.05056
2023-08-26 00:55:00,3.552,3.553,3.543,3.553,5457.15,19389.25395
2023-08-26 00:56:00,3.554,3.559,3.554,3.557,953.65,3392.13305
2023-08-26 00:57:00,3.558,3.558,3.554,3.555,889.63,3162.63465
2023-08-26 00:58:00,3.555,3.555,3.546,3.549,1943.83,6898.6526699999995
2023-08-26 00:59:00,3.548,3.548,3.543,3.545,1971.23,6988.01035
2023-08-26 01:00:00,3.544,3.55,3.542,3.549,561.23,1991.80527
2023-08-26 01:01:00,3.55,3.551,3.546,3.551,1087.2,3860.6472000000003
2023-08-26 01:02:00,3.552,3.552,3.55,3.551,431.66,1532.8246600000002
2023-08-26 01:03:00,3.55,3.55,3.538,3.54,3980.11,14089.5894
2023-08-26 01:04:00,3.539,3.544,3.537,3.542,1248.85,4423.426699999999
2023-08-26 01:05:00,3.543,3.543,3.53,3.532,6330.49,22359.29068
2023-08-26 01:06:00,3.532,3.543,3.532,3.542,2394.6,8481.6732
2023-08-26 01:07:00,3.541,3.544,3.532,3.532,6485.59,22907.103880000002
2023-08-26 01:08:00,3.535,3.541,3.535,3.537,2186.93,7735.171409999999
2023-08-26 01:09:00,3.538,3.54,3.537,3.539,685.84,2427.1877600000003
2023-08-26 01:10:00,3.54,3.543,3.54,3.542,968.49,3430.39158
2023-08-26 01:11:00,3.543,3.55,3.54,3.55,2035.22,7225.031
2023-08-26 01:12:00,3.55,3.571,3.547,3.548,20975.49,74421.03852
2023-08-26 01:13:00,3.547,3.548,3.538,3.546,5630.79,19966.781339999998
2023-08-26 01:14:00,3.546,3.546,3.542,3.545,1066.87,3782.0541499999995
2023-08-26 01:15:00,3.545,3.558,3.545,3.556,2119.72,7537.724319999999
2023-08-26 01:16:00,3.555,3.558,3.555,3.558,280.77,998.9796599999999
2023-08-26 01:17:00,3.557,3.559,3.55,3.555,2283.77,8118.80235
2023-08-26 01:18:00,3.556,3.557,3.552,3.552,1129.54,4012.12608
2023-08-26 01:19:00,3.551,3.555,3.551,3.554,676.13,2402.96602
2023-08-26 01:20:00,3.555,3.557,3.555,3.557,2213.61,7873.81077
2023-08-26 01:21:00,3.558,3.564,3.552,3.564,6529.39,23270.74596
2023-08-26 01:22:00,3.563,3.563,3.557,3.561,2435.89,8674.20429
2023-08-26 01:23:00,3.562,3.562,3.555,3.555,3227.27,11472.94485
2023-08-26 01:24:00,3.555,3.555,3.552,3.554,845.19,3003.80526
2023-08-26 01:25:00,3.553,3.56,3.552,3.559,1621.78,5771.91502
2023-08-26 01:26:00,3.559,3.559,3.555,3.556,1570.61,5585.0891599999995
2023-08-26 01:27:00,3.556,3.56,3.554,3.56,2496.76,8888.465600000001
2023-08-26 01:28:00,3.559,3.563,3.559,3.562,1278.24,4553.09088
2023-08-26 01:29:00,3.562,3.57,3.559,3.57,2687.12,9593.018399999999
2023-08-26 01:30:00,3.57,3.572,3.57,3.57,2403.74,8581.351799999999
2023-08-26 01:31:00,3.57,3.58,3.569,3.58,1403.12,5023.169599999999
2023-08-26 01:32:00,3.579,3.586,3.574,3.575,8676.11,31017.093250000005
2023-08-26 01:33:00,3.575,3.589,3.574,3.588,2839.03,10186.43964
2023-08-26 01:34:00,3.588,3.595,3.588,3.59,7557.93,27132.9687
2023-08-26 01:35:00,3.591,3.591,3.588,3.589,339.12,1217.10168
2023-08-26 01:36:00,3.589,3.59,3.585,3.588,2891.72,10375.49136
2023-08-26 01:37:00,3.587,3.587,3.584,3.584,1189.84,4264.38656
2023-08-26 01:38:00,3.584,3.584,3.571,3.573,1204.86,4304.964779999999
2023-08-26 01:39:00,3.573,3.575,3.566,3.572,3927.83,14030.20876
2023-08-26 01:40:00,3.57,3.57,3.556,3.556,2609.3,9278.6708
2023-08-26 01:41:00,3.557,3.57,3.556,3.568,907.59,3238.28112
2023-08-26 01:42:00,3.565,3.571,3.565,3.57,918.17,3277.8668999999995
2023-08-26 01:43:00,3.569,3.575,3.569,3.57,1736.48,6199.2336
2023-08-26 01:44:00,3.569,3.569,3.563,3.563,2214.04,7888.62452
2023-08-26 01:45:00,3.56,3.562,3.556,3.559,1336.02,4754.89518
2023-08-26 01:46:00,3.558,3.558,3.551,3.551,840.65,2985.14815
2023-08-26 01:47:00,3.55,3.55,3.549,3.55,377.41,1339.8055
2023-08-26 01:48:00,3.55,3.599,3.549,3.581,21030.73,75311.04413
2023-08-26 01:49:00,3.583,3.585,3.564,3.569,6820.15,24341.11535
2023-08-26 01:50:00,3.567,3.574,3.567,3.57,3459.78,12351.4146
2023-08-26 01:51:00,3.569,3.572,3.566,3.566,2573.88,9178.45608
2023-08-26 01:52:00,3.567,3.567,3.564,3.566,1954.97,6971.42302
2023-08-26 01:53:00,3.566,3.571,3.565,3.567,1091.11,3891.98937
2023-08-26 01:54:00,3.567,3.572,3.567,3.572,1105.49,3948.81028
2023-08-26 01:55:00,3.573,3.574,3.562,3.562,3099.57,11040.66834
2023-08-26 01:56:00,3.561,3.568,3.561,3.565,1206.24,4300.2456
2023-08-26 01:57:00,3.565,3.568,3.561,3.568,3997.02,14261.36736
2023-08-26 01:58:00,3.567,3.567,3.562,3.566,1523.45,5432.6227
2023-08-26 01:59:00,3.568,3.571,3.566,3.571,458.1,1635.8751000000002
2023-08-26 02:00:00,3.572,3.575,3.572,3.573,443.39,1584.23247
2023-08-26 02:01:00,3.573,3.574,3.569,3.573,1121.73,4007.94129
2023-08-26 02:02:00,3.573,3.581,3.572,3.58,847.41,3033.7278
2023-08-26 02:03:00,3.581,3.583,3.579,3.583,3687.15,13211.05845
2023-08-26 02:04:00,3.582,3.591,3.582,3.59,742.81,2666.6879
2023-08-26 02:05:00,3.591,3.593,3.587,3.587,1964.98,7048.3832600000005
2023-08-26 02:06:00,3.586,3.586,3.582,3.583,363.99,1304.1761700000002
2023-08-26 02:07:00,3.583,3.583,3.58,3.582,577.24,2067.67368
2023-08-26 02:08:00,3.581,3.59,3.581,3.59,2423.75,8701.262499999999
2023-08-26 02:09:00,3.589,3.604,3.586,3.604,4333.26,15617.06904
2023-08-26 02:10:00,3.603,3.606,3.602,3.605,1120.47,4039.29435
2023-08-26 02:11:00,3.604,3.637,3.604,3.624,7661.19,27764.15256
2023-08-26 02:12:00,3.625,3.627,3.618,3.618,665.8,2408.8644
2023-08-26 02:13:00,3.617,3.617,3.609,3.609,756.34,2729.63106
2023-08-26 02:14:00,3.608,3.608,3.602,3.604,1443.81,5203.49124
2023-08-26 02:15:00,3.605,3.608,3.595,3.595,1355.93,4874.5683500000005
2023-08-26 02:16:00,3.595,3.608,3.593,3.608,1284.67,4635.08936
2023-08-26 02:17:00,3.608,3.608,3.596,3.602,1173.44,4226.73088
2023-08-26 02:18:00,3.601,3.601,3.598,3.598,741.0,2666.118
2023-08-26 02:19:00,3.6,3.605,3.6,3.605,210.72,759.6456
2023-08-26 02:20:00,3.604,3.606,3.599,3.6,783.41,2820.276
2023-08-26 02:21:00,3.6,3.602,3.597,3.602,3495.6,12591.151199999998
2023-08-26 02:22:00,3.603,3.604,3.602,3.603,529.93,1909.3377899999998
2023-08-26 02:23:00,3.602,3.603,3.602,3.602,209.21,753.57442
2023-08-26 02:24:00,3.602,3.603,3.592,3.593,3670.09,13186.63337
2023-08-26 02:25:00,3.59,3.596,3.59,3.595,865.03,3109.78285
2023-08-26 02:26:00,3.597,3.598,3.589,3.589,2430.05,8721.44945
2023-08-26 02:27:00,3.59,3.595,3.587,3.59,928.79,3334.3560999999995
2023-08-26 02:28:00,3.591,3.595,3.591,3.593,366.98,1318.55914
2023-08-26 02:29:00,3.593,3.597,3.591,3.594,1339.43,4813.91142
2023-08-26 02:30:00,3.594,3.595,3.589,3.594,1720.27,6182.65038
2023-08-26 02:31:00,3.595,3.595,3.592,3.593,367.97,1322.1162100000001
2023-08-26 02:32:00,3.593,3.594,3.592,3.594,481.92,1732.02048
2023-08-26 02:33:00,3.593,3.594,3.588,3.588,2205.42,7913.046960000001
2023-08-26 02:34:00,3.588,3.588,3.579,3.583,1621.18,5808.687940000001
2023-08-26 02:35:00,3.581,3.589,3.581,3.586,907.36,3253.7929599999998
2023-08-26 02:36:00,3.586,3.589,3.583,3.583,579.81,2077.45923
2023-08-26 02:37:00,3.581,3.583,3.581,3.582,698.04,2500.3792799999997
2023-08-26 02:38:00,3.581,3.582,3.579,3.581,424.18,1518.98858
2023-08-26 02:39:00,3.58,3.58,3.577,3.577,376.63,1347.20551
2023-08-26 02:40:00,3.577,3.588,3.575,3.586,941.06,3374.6411599999997
2023-08-26 02:41:00,3.585,3.588,3.577,3.587,965.98,3464.97026
2023-08-26 02:42:00,3.587,3.587,3.578,3.578,629.81,2253.4601799999996
2023-08-26 02:43:00,3.578,3.588,3.575,3.587,1084.49,3890.06563
2023-08-26 02:44:00,3.588,3.59,3.586,3.586,434.37,1557.6508199999998
2023-08-26 02:45:00,3.585,3.589,3.585,3.589,360.59,1294.15751
2023-08-26 02:46:00,3.588,3.593,3.588,3.592,551.94,1982.5684800000001
2023-08-26 02:47:00,3.593,3.594,3.593,3.593,4415.36,15864.388479999998
2023-08-26 02:48:00,3.594,3.598,3.593,3.597,3160.76,11369.25372
2023-08-26 02:49:00,3.597,3.598,3.596,3.597,876.8,3153.8496
2023-08-26 02:50:00,3.596,3.605,3.596,3.603,713.48,2570.6684400000004
2023-08-26 02:51:00,3.603,3.605,3.601,3.603,667.12,2403.6333600000003
2023-08-26 02:52:00,3.602,3.607,3.601,3.606,768.27,2770.3816199999997
2023-08-26 02:53:00,3.607,3.607,3.599,3.599,7008.32,25222.94368
2023-08-26 02:54:00,3.6,3.603,3.599,3.603,1614.56,5817.25968
2023-08-26 02:55:00,3.604,3.614,3.604,3.613,907.66,3279.37558
2023-08-26 02:56:00,3.615,3.62,3.604,3.617,3321.22,12012.852739999998
2023-08-26 02:57:00,3.618,3.628,3.618,3.62,7235.05,26190.881
2023-08-26 02:58:00,3.62,3.628,3.619,3.624,4415.39,16001.373360000001
2023-08-26 02:59:00,3.626,3.627,3.623,3.627,396.67,1438.72209
2023-08-26 03:00:00,3.626,3.631,3.626,3.629,3247.44,11784.95976
2023-08-26 03:01:00,3.628,3.63,3.625,3.626,951.75,3451.0454999999997
2023-08-26 03:02:00,3.627,3.629,3.626,3.626,346.26,1255.53876
2023-08-26 03:03:00,3.626,3.632,3.626,3.632,609.88,2215.08416
2023-08-26 03:04:00,3.631,3.634,3.631,3.632,1488.19,5405.1060800000005
2023-08-26 03:05:00,3.632,3.632,3.63,3.631,829.73,3012.74963
2023-08-26 03:06:00,3.631,3.632,3.614,3.62,5032.1,18216.202
2023-08-26 03:07:00,3.618,3.628,3.617,3.625,1762.77,6390.04125
2023-08-26 03:08:00,3.627,3.63,3.622,3.622,883.54,3200.1818799999996
2023-08-26 03:09:00,3.623,3.634,3.622,3.622,3327.85,12053.472699999998
2023-08-26 03:10:00,3.622,3.622,3.617,3.621,3144.93,11387.791529999999
2023-08-26 03:11:00,3.621,3.621,3.617,3.618,725.55,2625.0398999999998
2023-08-26 03:12:00,3.62,3.622,3.62,3.622,1333.9,4831.3858
2023-08-26 03:13:00,3.621,3.637,3.619,3.635,4302.68,15640.2418
2023-08-26 03:14:00,3.637,3.637,3.616,3.619,6351.98,22987.81562
2023-08-26 03:15:00,3.619,3.624,3.616,3.623,687.13,2489.47199
2023-08-26 03:16:00,3.624,3.625,3.62,3.624,513.97,1862.6272800000002
2023-08-26 03:17:00,3.623,3.628,3.623,3.628,1783.75,6471.445000000001
2023-08-26 03:18:00,3.628,3.629,3.627,3.627,324.43,1176.70761
2023-08-26 03:19:00,3.628,3.629,3.626,3.626,379.08,1374.54408
2023-08-26 03:20:00,3.626,3.629,3.623,3.629,1482.51,5380.02879
2023-08-26 03:21:00,3.629,3.63,3.628,3.629,436.4,1583.6956
2023-08-26 03:22:00,3.63,3.631,3.616,3.616,1687.48,6101.927680000001
2023-08-26 03:23:00,3.616,3.616,3.612,3.613,1125.66,4067.0095800000004
2023-08-26 03:24:00,3.614,3.614,3.611,3.611,1275.89,4607.23879
2023-08-26 03:25:00,3.612,3.625,3.611,3.618,2631.75,9521.6715
2023-08-26 03:26:00,3.617,3.62,3.614,3.615,473.42,1711.4133000000002
2023-08-26 03:27:00,3.616,3.619,3.615,3.618,942.27,3409.1328599999997
2023-08-26 03:28:00,3.618,3.619,3.615,3.617,1806.49,6534.07433
2023-08-26 03:29:00,3.616,3.618,3.615,3.617,255.04,922.4796799999999
2023-08-26 03:30:00,3.618,3.618,3.617,3.617,334.99,1211.65883
2023-08-26 03:31:00,3.618,3.619,3.612,3.612,2870.7,10368.9684
2023-08-26 03:32:00,3.61,3.61,3.606,3.609,652.3,2354.1506999999997
2023-08-26 03:33:00,3.608,3.61,3.602,3.602,3243.35,11682.546699999999
2023-08-26 03:34:00,3.603,3.614,3.602,3.606,1461.6,5270.5296
2023-08-26 03:35:00,3.605,3.613,3.604,3.611,2999.5,10831.194500000001
2023-08-26 03:36:00,3.613,3.614,3.611,3.613,1024.84,3702.7469199999996
2023-08-26 03:37:00,3.612,3.616,3.61,3.613,2918.93,10546.094089999999
2023-08-26 03:38:00,3.612,3.615,3.61,3.611,1807.29,6526.12419
2023-08-26 03:39:00,3.611,3.623,3.61,3.622,2228.16,8070.395519999999
2023-08-26 03:40:00,3.621,3.63,3.611,3.614,4465.25,16137.413499999999
2023-08-26 03:41:00,3.612,3.618,3.611,3.616,1490.06,5388.05696
2023-08-26 03:42:00,3.616,3.616,3.611,3.615,1560.57,5641.46055
2023-08-26 03:43:00,3.614,3.62,3.612,3.616,1573.61,5690.17376
2023-08-26 03:44:00,3.617,3.62,3.615,3.618,1003.4,3630.3012
2023-08-26 03:45:00,3.62,3.622,3.618,3.622,339.36,1229.16192
2023-08-26 03:46:00,3.622,3.624,3.62,3.62,1863.76,6746.8112
2023-08-26 03:47:00,3.62,3.623,3.62,3.622,750.15,2717.0433
2023-08-26 03:48:00,3.623,3.625,3.621,3.624,697.92,2529.26208
2023-08-26 03:49:00,3.625,3.63,3.623,3.627,2674.59,9700.73793
2023-08-26 03:50:00,3.626,3.628,3.62,3.627,2437.82,8841.97314
2023-08-26 03:51:00,3.628,3.628,3.62,3.621,2505.47,9072.306869999999
2023-08-26 03:52:00,3.621,3.626,3.618,3.623,1992.58,7219.11734
2023-08-26 03:53:00,3.622,3.628,3.622,3.627,2731.09,9905.66343
2023-08-26 03:54:00,3.626,3.63,3.623,3.626,2462.54,8929.170039999999
2023-08-26 03:55:00,3.626,3.63,3.623,3.629,1964.58,7129.460819999999
2023-08-26 03:56:00,3.63,3.631,3.623,3.624,2307.8,8363.467200000001
2023-08-26 03:57:00,3.624,3.63,3.624,3.629,2169.7,7873.841299999999
2023-08-26 03:58:00,3.628,3.63,3.623,3.627,3165.42,11480.97834
2023-08-26 03:59:00,3.627,3.63,3.625,3.627,1369.48,4967.1039599999995
2023-08-26 04:00:00,3.627,3.629,3.616,3.617,1424.85,5153.682449999999
2023-08-26 04:01:00,3.618,3.618,3.614,3.617,1176.55,4255.5813499999995
2023-08-26 04:02:00,3.617,3.618,3.611,3.615,1286.81,4651.81815
2023-08-26 04:03:00,3.614,3.615,3.604,3.606,2148.94,7749.0776399999995
2023-08-26 04:04:00,3.607,3.613,3.605,3.61,1421.11,5130.2071
2023-08-26 04:05:00,3.612,3.616,3.611,3.614,1299.37,4695.92318
2023-08-26 04:06:00,3.613,3.614,3.607,3.613,1463.95,5289.2513500000005
2023-08-26 04:07:00,3.612,3.613,3.611,3.612,843.57,3046.9748400000003
2023-08-26 04:08:00,3.613,3.628,3.612,3.618,1977.19,7153.47342
2023-08-26 04:09:00,3.619,3.641,3.617,3.64,8595.4,31287.256
2023-08-26 04:10:00,3.64,3.647,3.635,3.643,2082.28,7585.74604
2023-08-26 04:11:00,3.643,3.644,3.626,3.631,5358.19,19455.58789
2023-08-26 04:12:00,3.631,3.633,3.625,3.627,1284.8,4659.969599999999
2023-08-26 04:13:00,3.625,3.646,3.625,3.633,10613.8,38559.935399999995
2023-08-26 04:14:00,3.633,3.637,3.629,3.633,1809.46,6573.76818
2023-08-26 04:15:00,3.634,3.64,3.633,3.634,1432.41,5205.37794
2023-08-26 04:16:00,3.634,3.639,3.633,3.636,1504.97,5472.07092
2023-08-26 04:17:00,3.637,3.638,3.635,3.637,906.62,3297.37694
2023-08-26 04:18:00,3.636,3.637,3.629,3.631,1100.79,3996.9684899999997
2023-08-26 04:19:00,3.63,3.635,3.629,3.635,2935.52,10670.6152
2023-08-26 04:20:00,3.635,3.636,3.628,3.628,2690.13,9759.791640000001
2023-08-26 04:21:00,3.629,3.63,3.62,3.62,3198.38,11578.135600000001
2023-08-26 04:22:00,3.621,3.634,3.618,3.631,4854.96,17628.35976
2023-08-26 04:23:00,3.631,3.635,3.627,3.635,4340.75,15778.62625
2023-08-26 04:24:00,3.635,3.65,3.633,3.646,10726.06,39107.214759999995
2023-08-26 04:25:00,3.644,3.648,3.642,3.647,4118.56,15020.38832
2023-08-26 04:26:00,3.645,3.654,3.645,3.653,3665.71,13390.83863
2023-08-26 04:27:00,3.653,3.654,3.642,3.645,4483.8,16343.451000000001
2023-08-26 04:28:00,3.644,3.648,3.643,3.646,1935.11,7055.411059999999
2023-08-26 04:29:00,3.646,3.657,3.646,3.657,6638.8,24278.0916
2023-08-26 04:30:00,3.657,3.657,3.651,3.655,3615.99,13216.443449999999
2023-08-26 04:31:00,3.654,3.656,3.652,3.654,2909.98,10633.06692
2023-08-26 04:32:00,3.654,3.655,3.651,3.654,3524.1,12877.061399999999
2023-08-26 04:33:00,3.654,3.658,3.65,3.65,2581.26,9421.599
2023-08-26 04:34:00,3.651,3.653,3.645,3.647,4636.2,16908.2214
2023-08-26 04:35:00,3.646,3.658,3.646,3.656,6181.27,22598.723120000002
2023-08-26 04:36:00,3.657,3.658,3.65,3.65,3553.89,12971.698499999999
2023-08-26 04:37:00,3.651,3.655,3.649,3.653,3537.74,12923.36422
2023-08-26 04:38:00,3.654,3.657,3.649,3.654,2814.23,10283.19642
2023-08-26 04:39:00,3.654,3.66,3.65,3.657,3363.44,12300.10008
2023-08-26 04:40:00,3.657,3.664,3.652,3.657,3987.49,14582.25093
2023-08-26 04:41:00,3.656,3.665,3.656,3.662,2355.78,8626.86636
2023-08-26 04:42:00,3.662,3.665,3.661,3.663,2679.47,9814.898609999998
2023-08-26 04:43:00,3.663,3.682,3.661,3.678,9889.99,36375.383219999996
2023-08-26 04:44:00,3.679,3.75,3.679,3.71,50595.06,187707.6726
2023-08-26 04:45:00,3.709,3.719,3.702,3.719,7374.74,27426.658059999998
2023-08-26 04:46:00,3.719,3.719,3.703,3.716,12330.81,45821.28996
2023-08-26 04:47:00,3.715,3.72,3.706,3.709,9309.74,34529.82566
2023-08-26 04:48:00,3.709,3.72,3.708,3.719,9744.37,36239.31203
2023-08-26 04:49:00,3.72,3.72,3.696,3.699,17717.34,65536.44066
2023-08-26 04:50:00,3.698,3.705,3.686,3.691,7193.57,26551.466869999997
2023-08-26 04:51:00,3.692,3.696,3.678,3.688,9700.18,35774.26384
2023-08-26 04:52:00,3.689,3.692,3.675,3.682,8468.06,31179.39692
2023-08-26 04:53:00,3.681,3.699,3.68,3.695,6790.2,25089.788999999997
2023-08-26 04:54:00,3.695,3.699,3.674,3.677,6902.65,25381.04405
2023-08-26 04:55:00,3.678,3.686,3.675,3.684,3353.32,12353.63088
2023-08-26 04:56:00,3.685,3.691,3.685,3.686,3731.95,13755.9677
2023-08-26 04:57:00,3.687,3.689,3.681,3.681,2458.6,9050.1066
2023-08-26 04:58:00,3.682,3.683,3.674,3.679,4306.46,15843.466339999999
2023-08-26 04:59:00,3.678,3.687,3.677,3.686,1654.47,6098.37642
2023-08-26 05:00:00,3.687,3.69,3.676,3.678,3949.57,14526.518460000001
2023-08-26 05:01:00,3.677,3.677,3.671,3.674,3208.22,11787.000279999998
2023-08-26 05:02:00,3.674,3.683,3.674,3.683,3908.57,14395.26331
2023-08-26 05:03:00,3.683,3.684,3.68,3.682,2165.23,7972.37686
2023-08-26 05:04:00,3.682,3.685,3.681,3.684,798.69,2942.3739600000004
2023-08-26 05:05:00,3.683,3.691,3.682,3.69,1911.51,7053.4719
2023-08-26 05:06:00,3.691,3.702,3.69,3.701,4938.29,18276.61129
2023-08-26 05:07:00,3.701,3.703,3.698,3.7,2671.33,9883.921
2023-08-26 05:08:00,3.699,3.7,3.698,3.7,1141.3,4222.81
2023-08-26 05:09:00,3.7,3.721,3.694,3.721,8934.86,33246.61406
2023-08-26 05:10:00,3.72,3.734,3.717,3.723,7154.2,26635.0866
2023-08-26 05:11:00,3.724,3.741,3.723,3.741,9088.24,33999.10584
2023-08-26 05:12:00,3.741,3.743,3.71,3.716,14997.88,55732.12208
2023-08-26 05:13:00,3.716,3.72,3.707,3.708,3396.31,12593.51748
2023-08-26 05:14:00,3.704,3.712,3.702,3.709,1733.3,6428.8097
2023-08-26 05:15:00,3.707,3.714,3.707,3.714,2034.2,7555.0188
2023-08-26 05:16:00,3.715,3.726,3.713,3.726,4014.52,14958.10152
2023-08-26 05:17:00,3.726,3.734,3.72,3.732,3517.58,13127.60856
2023-08-26 05:18:00,3.732,3.75,3.729,3.75,8979.65,33673.6875
2023-08-26 05:19:00,3.749,3.749,3.736,3.742,4353.64,16291.320880000001
2023-08-26 05:20:00,3.741,3.749,3.74,3.741,2631.42,9844.14222
2023-08-26 05:21:00,3.741,3.747,3.737,3.745,5803.55,21734.29475
2023-08-26 05:22:00,3.746,3.746,3.736,3.739,5883.25,21997.47175
2023-08-26 05:23:00,3.739,3.741,3.737,3.737,815.41,3047.18717
2023-08-26 05:24:00,3.737,3.742,3.737,3.741,1526.73,5711.49693
2023-08-26 05:25:00,3.74,3.743,3.739,3.739,2082.98,7788.26222
2023-08-26 05:26:00,3.739,3.74,3.733,3.736,3475.07,12982.861520000002
2023-08-26 05:27:00,3.735,3.735,3.726,3.728,2497.85,9311.9848
2023-08-26 05:28:00,3.727,3.727,3.722,3.723,3200.73,11916.31779
2023-08-26 05:29:00,3.723,3.724,3.716,3.717,3061.27,11378.74059
2023-08-26 05:30:00,3.718,3.72,3.716,3.718,5116.97,19024.89446
2023-08-26 05:31:00,3.718,3.723,3.711,3.713,5471.34,20315.08542
2023-08-26 05:32:00,3.712,3.727,3.71,3.726,3405.96,12690.60696
2023-08-26 05:33:00,3.726,3.726,3.709,3.713,4497.16,16697.95508
2023-08-26 05:34:00,3.712,3.72,3.707,3.717,7093.92,26368.10064
2023-08-26 05:35:00,3.717,3.722,3.702,3.702,4856.01,17976.94902
2023-08-26 05:36:00,3.704,3.704,3.691,3.693,3749.18,13845.721739999999
2023-08-26 05:37:00,3.693,3.704,3.693,3.702,3454.2,12787.4484
2023-08-26 05:38:00,3.702,3.712,3.701,3.702,2317.81,8580.53262
2023-08-26 05:39:00,3.705,3.706,3.696,3.702,4382.97,16225.75494
2023-08-26 05:40:00,3.703,3.706,3.69,3.698,4946.7,18292.8966
2023-08-26 05:41:00,3.698,3.706,3.694,3.702,5727.01,21201.39102
2023-08-26 05:42:00,3.703,3.704,3.698,3.7,5024.47,18590.539
2023-08-26 05:43:00,3.701,3.706,3.7,3.703,3756.13,13908.94939
2023-08-26 05:44:00,3.702,3.706,3.702,3.705,3429.7,12707.038499999999
2023-08-26 05:45:00,3.704,3.719,3.703,3.712,7143.54,26516.820480000002
2023-08-26 05:46:00,3.713,3.717,3.709,3.71,3167.79,11752.5009
2023-08-26 05:47:00,3.71,3.71,3.7,3.703,4138.8,15325.9764
2023-08-26 05:48:00,3.704,3.704,3.701,3.703,2582.97,9564.737909999998
2023-08-26 05:49:00,3.703,3.707,3.702,3.703,2053.36,7603.59208
2023-08-26 05:50:00,3.704,3.717,3.704,3.715,2157.05,8013.440750000001
2023-08-26 05:51:00,3.714,3.716,3.705,3.707,2709.71,10044.89497
2023-08-26 05:52:00,3.706,3.709,3.7,3.702,1703.93,6307.94886
2023-08-26 05:53:00,3.701,3.706,3.7,3.706,3221.29,11938.10074
2023-08-26 05:54:00,3.705,3.711,3.705,3.706,2176.92,8067.6655200000005
2023-08-26 05:55:00,3.707,3.709,3.707,3.708,435.49,1614.7969200000002
2023-08-26 05:56:00,3.708,3.71,3.707,3.71,784.64,2911.0144
2023-08-26 05:57:00,3.709,3.715,3.709,3.714,1036.97,3851.30658
2023-08-26 05:58:00,3.715,3.72,3.714,3.719,722.08,2685.41552
2023-08-26 05:59:00,3.72,3.72,3.706,3.706,1209.54,4482.55524
2023-08-26 06:00:00,3.707,3.707,3.696,3.696,4805.28,17760.314879999998
2023-08-26 06:01:00,3.698,3.698,3.686,3.687,2142.85,7900.68795
2023-08-26 06:02:00,3.688,3.688,3.681,3.684,1917.77,7065.06468
2023-08-26 06:03:00,3.683,3.694,3.682,3.693,2841.2,10492.551599999999
2023-08-26 06:04:00,3.692,3.693,3.683,3.683,2666.15,9819.43045
2023-08-26 06:05:00,3.684,3.69,3.683,3.684,775.5,2856.942
2023-08-26 06:06:00,3.684,3.691,3.681,3.682,1327.37,4887.37634
2023-08-26 06:07:00,3.682,3.687,3.676,3.685,2560.73,9436.29005
2023-08-26 06:08:00,3.685,3.688,3.678,3.681,776.19,2857.1553900000004
2023-08-26 06:09:00,3.682,3.685,3.681,3.683,933.02,3436.3126599999996
2023-08-26 06:10:00,3.683,3.684,3.672,3.677,2039.92,7500.7858400000005
2023-08-26 06:11:00,3.677,3.677,3.672,3.674,1247.61,4583.719139999999
2023-08-26 06:12:00,3.674,3.677,3.673,3.677,1420.51,5223.21527
2023-08-26 06:13:00,3.677,3.677,3.673,3.676,925.69,3402.8364400000005
2023-08-26 06:14:00,3.677,3.68,3.676,3.678,801.01,2946.11478
2023-08-26 06:15:00,3.679,3.68,3.677,3.68,1702.22,6264.1696
2023-08-26 06:16:00,3.681,3.682,3.677,3.677,2348.95,8637.08915
2023-08-26 06:17:00,3.678,3.686,3.677,3.68,1769.8,6512.8640000000005
2023-08-26 06:18:00,3.679,3.683,3.676,3.683,2128.2,7838.160599999999
2023-08-26 06:19:00,3.682,3.682,3.678,3.679,1164.23,4283.20217
2023-08-26 06:20:00,3.679,3.68,3.672,3.676,1786.62,6567.6151199999995
2023-08-26 06:21:00,3.676,3.68,3.675,3.676,3184.01,11704.42076
2023-08-26 06:22:00,3.677,3.684,3.677,3.677,5487.18,20176.36086
2023-08-26 06:23:00,3.677,3.677,3.67,3.672,2123.97,7799.217839999999
2023-08-26 06:24:00,3.671,3.675,3.666,3.674,7018.76,25786.92424
2023-08-26 06:25:00,3.675,3.675,3.668,3.67,3370.98,12371.4966
2023-08-26 06:26:00,3.67,3.671,3.661,3.668,3839.77,14084.27636
2023-08-26 06:27:00,3.669,3.672,3.667,3.669,2537.24,9309.133559999998
2023-08-26 06:28:00,3.67,3.671,3.666,3.668,1575.9,5780.4012
2023-08-26 06:29:00,3.668,3.68,3.668,3.68,2088.84,7686.931200000001
2023-08-26 06:30:00,3.68,3.689,3.68,3.685,2137.99,7878.493149999999
2023-08-26 06:31:00,3.686,3.69,3.685,3.688,2015.52,7433.23776
2023-08-26 06:32:00,3.689,3.696,3.689,3.694,2979.77,11007.27038
2023-08-26 06:33:00,3.695,3.717,3.695,3.714,4283.04,15907.21056
2023-08-26 06:34:00,3.714,3.73,3.714,3.714,7788.87,28927.86318
2023-08-26 06:35:00,3.714,3.721,3.705,3.706,3147.28,11663.81968
2023-08-26 06:36:00,3.706,3.707,3.702,3.707,2100.61,7786.96127
2023-08-26 06:37:00,3.707,3.712,3.702,3.704,2563.74,9496.09296
2023-08-26 06:38:00,3.703,3.704,3.691,3.698,2738.95,10128.6371
2023-08-26 06:39:00,3.698,3.712,3.698,3.712,1926.27,7150.314240000001
2023-08-26 06:40:00,3.713,3.717,3.701,3.706,2033.18,7534.96508
2023-08-26 06:41:00,3.705,3.706,3.701,3.701,1407.86,5210.48986
2023-08-26 06:42:00,3.702,3.703,3.698,3.698,773.07,2858.81286
2023-08-26 06:43:00,3.699,3.71,3.696,3.706,3871.04,14346.07424
2023-08-26 06:44:00,3.707,3.711,3.705,3.71,1057.56,3923.5476
2023-08-26 06:45:00,3.71,3.715,3.709,3.709,1477.81,5481.19729
2023-08-26 06:46:00,3.71,3.71,3.698,3.708,2507.7,9298.5516
2023-08-26 06:47:00,3.707,3.707,3.681,3.685,30820.89,113574.97965
2023-08-26 06:48:00,3.684,3.685,3.682,3.685,2680.11,9876.20535
2023-08-26 06:49:00,3.684,3.685,3.683,3.684,5209.93,19193.382120000002
2023-08-26 06:50:00,3.685,3.685,3.683,3.684,2750.64,10133.35776
2023-08-26 06:51:00,3.685,3.685,3.681,3.681,1764.91,6496.63371
2023-08-26 06:52:00,3.682,3.685,3.679,3.684,2032.09,7486.2195600000005
2023-08-26 06:53:00,3.684,3.686,3.683,3.686,3386.54,12482.78644
2023-08-26 06:54:00,3.685,3.688,3.684,3.685,3387.16,12481.6846
2023-08-26 06:55:00,3.685,3.688,3.674,3.679,16912.38,62220.64602
2023-08-26 06:56:00,3.679,3.68,3.675,3.679,4069.81,14972.830989999999
2023-08-26 06:57:00,3.679,3.685,3.679,3.68,3607.4,13275.232000000002
2023-08-26 06:58:00,3.68,3.685,3.679,3.683,1686.42,6211.08486
2023-08-26 06:59:00,3.683,3.685,3.682,3.683,1855.07,6832.222809999999
2023-08-26 07:00:00,3.683,3.684,3.672,3.672,3243.45,11909.9484
2023-08-26 07:01:00,3.672,3.684,3.671,3.678,2034.66,7483.47948
2023-08-26 07:02:00,3.68,3.682,3.675,3.678,3107.82,11430.56196
2023-08-26 07:03:00,3.677,3.681,3.677,3.679,1445.96,5319.68684
2023-08-26 07:04:00,3.678,3.68,3.675,3.676,422.12,1551.7131200000001
2023-08-26 07:05:00,3.677,3.678,3.675,3.678,1862.22,6849.24516
2023-08-26 07:06:00,3.678,3.679,3.677,3.678,401.64,1477.23192
2023-08-26 07:07:00,3.678,3.679,3.676,3.677,773.55,2844.3433499999996
2023-08-26 07:08:00,3.676,3.679,3.676,3.679,1496.13,5504.26227
2023-08-26 07:09:00,3.678,3.681,3.678,3.68,1107.64,4076.1152000000006
2023-08-26 07:10:00,3.68,3.688,3.68,3.682,5163.87,19013.36934
2023-08-26 07:11:00,3.682,3.688,3.682,3.686,1819.17,6705.46062
2023-08-26 07:12:00,3.687,3.691,3.687,3.69,1517.23,5598.5787
2023-08-26 07:13:00,3.69,3.691,3.688,3.69,1303.03,4808.1807
2023-08-26 07:14:00,3.69,3.694,3.689,3.692,656.63,2424.27796
2023-08-26 07:15:00,3.693,3.698,3.685,3.685,4293.56,15821.768600000001
2023-08-26 07:16:00,3.681,3.682,3.68,3.68,786.87,2895.6816000000003
2023-08-26 07:17:00,3.681,3.683,3.68,3.682,540.33,1989.4950600000002
2023-08-26 07:18:00,3.684,3.685,3.683,3.684,268.63,989.63292
2023-08-26 07:19:00,3.684,3.686,3.681,3.682,279.49,1029.08218
2023-08-26 07:20:00,3.681,3.682,3.663,3.671,9298.69,34135.49099
2023-08-26 07:21:00,3.671,3.677,3.664,3.665,2289.32,8390.357800000002
2023-08-26 07:22:00,3.664,3.666,3.663,3.663,1748.85,6406.037549999999
2023-08-26 07:23:00,3.664,3.664,3.648,3.659,14331.78,52439.98302
2023-08-26 07:24:00,3.658,3.663,3.652,3.656,7323.98,26776.47088
2023-08-26 07:25:00,3.656,3.663,3.653,3.658,2557.81,9356.46898
2023-08-26 07:26:00,3.657,3.662,3.657,3.658,613.16,2242.93928
2023-08-26 07:27:00,3.659,3.66,3.653,3.653,1824.65,6665.44645
2023-08-26 07:28:00,3.653,3.659,3.653,3.655,2615.85,9560.93175
2023-08-26 07:29:00,3.656,3.656,3.654,3.654,515.81,1884.7697399999997
2023-08-26 07:30:00,3.655,3.655,3.646,3.647,3347.81,12209.46307
2023-08-26 07:31:00,3.647,3.653,3.645,3.653,887.44,3241.8183200000003
2023-08-26 07:32:00,3.652,3.654,3.651,3.651,698.65,2550.7711499999996
2023-08-26 07:33:00,3.652,3.656,3.649,3.656,2970.04,10858.46624
2023-08-26 07:34:00,3.657,3.662,3.654,3.661,2066.45,7565.27345
2023-08-26 07:35:00,3.661,3.662,3.659,3.659,2617.81,9578.566789999999
2023-08-26 07:36:00,3.66,3.661,3.652,3.654,4362.02,15938.821080000002
2023-08-26 07:37:00,3.653,3.653,3.651,3.652,917.27,3349.8700400000002
2023-08-26 07:38:00,3.652,3.653,3.649,3.65,1542.68,5630.782
2023-08-26 07:39:00,3.649,3.659,3.649,3.659,1471.01,5382.42559
2023-08-26 07:40:00,3.657,3.659,3.655,3.656,654.41,2392.52296
2023-08-26 07:41:00,3.655,3.655,3.65,3.653,2511.86,9175.82458
2023-08-26 07:42:00,3.653,3.657,3.653,3.656,972.34,3554.8750400000004
2023-08-26 07:43:00,3.655,3.657,3.655,3.655,948.08,3465.2324
2023-08-26 07:44:00,3.655,3.66,3.655,3.659,986.22,3608.57898
2023-08-26 07:45:00,3.66,3.672,3.659,3.669,7309.9,26820.0231
2023-08-26 07:46:00,3.67,3.671,3.667,3.67,1414.04,5189.5268
2023-08-26 07:47:00,3.671,3.671,3.667,3.667,1827.66,6702.02922
2023-08-26 07:48:00,3.668,3.671,3.668,3.671,793.49,2912.90179
2023-08-26 07:49:00,3.671,3.672,3.669,3.671,1644.52,6037.03292
2023-08-26 07:50:00,3.67,3.673,3.669,3.673,623.47,2290.00531
2023-08-26 07:51:00,3.672,3.673,3.669,3.67,1267.81,4652.8627
2023-08-26 07:52:00,3.671,3.672,3.658,3.663,2772.12,10154.275559999998
2023-08-26 07:53:00,3.663,3.663,3.658,3.658,575.95,2106.8251
2023-08-26 07:54:00,3.659,3.659,3.657,3.657,812.52,2971.38564
2023-08-26 07:55:00,3.658,3.658,3.648,3.649,2227.68,8128.804319999999
2023-08-26 07:56:00,3.648,3.651,3.645,3.651,1655.0,6042.405
2023-08-26 07:57:00,3.65,3.656,3.649,3.653,1260.5,4604.6065
2023-08-26 07:58:00,3.653,3.654,3.651,3.654,1497.35,5471.3169
2023-08-26 07:59:00,3.653,3.654,3.653,3.653,726.49,2653.8679700000002
2023-08-26 08:00:00,3.653,3.656,3.653,3.655,3625.9,13252.664499999999
2023-08-26 08:01:00,3.657,3.657,3.654,3.655,1095.7,4004.7835
2023-08-26 08:02:00,3.655,3.66,3.654,3.659,1435.8,5253.592199999999
2023-08-26 08:03:00,3.66,3.661,3.657,3.657,1193.01,4362.83757
2023-08-26 08:04:00,3.657,3.657,3.65,3.651,2033.24,7423.35924
2023-08-26 08:05:00,3.65,3.651,3.647,3.648,1931.16,7044.87168
2023-08-26 08:06:00,3.648,3.651,3.645,3.651,362.52,1323.5605199999998
2023-08-26 08:07:00,3.653,3.655,3.652,3.652,1164.62,4253.192239999999
2023-08-26 08:08:00,3.652,3.66,3.648,3.65,19800.78,72272.847
2023-08-26 08:09:00,3.649,3.652,3.647,3.65,1358.65,4959.0725
2023-08-26 08:10:00,3.652,3.652,3.646,3.649,1897.46,6923.83154
2023-08-26 08:11:00,3.648,3.649,3.634,3.642,5333.75,19425.517499999998
2023-08-26 08:12:00,3.642,3.654,3.642,3.647,1761.51,6424.22697
2023-08-26 08:13:00,3.648,3.65,3.635,3.64,2764.35,10062.234
2023-08-26 08:14:00,3.641,3.646,3.637,3.645,1820.08,6634.1916
2023-08-26 08:15:00,3.645,3.646,3.634,3.635,3850.02,13994.822699999999
2023-08-26 08:16:00,3.634,3.641,3.63,3.636,3980.37,14472.62532
2023-08-26 08:17:00,3.635,3.636,3.62,3.628,11754.24,42644.38272
2023-08-26 08:18:00,3.629,3.633,3.628,3.631,1505.87,5467.813969999999
2023-08-26 08:19:00,3.632,3.636,3.63,3.636,3231.41,11749.40676
2023-08-26 08:20:00,3.636,3.64,3.634,3.638,2287.18,8320.760839999999
2023-08-26 08:21:00,3.637,3.641,3.636,3.64,4436.32,16148.2048
2023-08-26 08:22:00,3.639,3.64,3.635,3.639,4078.05,14840.02395
2023-08-26 08:23:00,3.639,3.639,3.629,3.637,4658.37,16942.49169
2023-08-26 08:24:00,3.637,3.641,3.631,3.64,3251.54,11835.6056
2023-08-26 08:25:00,3.641,3.644,3.638,3.644,3189.6,11622.9024
2023-08-26 08:26:00,3.644,3.654,3.643,3.649,3841.86,14018.94714
2023-08-26 08:27:00,3.647,3.659,3.646,3.654,4509.91,16479.21114
2023-08-26 08:28:00,3.653,3.66,3.652,3.659,2776.81,10160.34779
2023-08-26 08:29:00,3.659,3.663,3.657,3.66,2712.45,9927.567
2023-08-26 08:30:00,3.662,3.664,3.658,3.66,4392.74,16077.4284
2023-08-26 08:31:00,3.659,3.664,3.657,3.659,4157.4,15211.926599999997
2023-08-26 08:32:00,3.659,3.663,3.658,3.661,3315.92,12139.583120000001
2023-08-26 08:33:00,3.66,3.662,3.658,3.659,2831.1,10358.9949
2023-08-26 08:34:00,3.659,3.662,3.653,3.661,2862.44,10479.39284
2023-08-26 08:35:00,3.662,3.665,3.659,3.661,3593.36,13155.29096
2023-08-26 08:36:00,3.662,3.664,3.66,3.664,2108.24,7724.591359999999
2023-08-26 08:37:00,3.663,3.668,3.662,3.668,2237.6,8207.5168
2023-08-26 08:38:00,3.667,3.668,3.651,3.655,9175.45,33536.26975
2023-08-26 08:39:00,3.653,3.654,3.65,3.65,2447.63,8933.8495
2023-08-26 08:40:00,3.651,3.651,3.638,3.639,3268.18,11892.907019999999
2023-08-26 08:41:00,3.638,3.647,3.636,3.645,2739.19,9984.34755
2023-08-26 08:42:00,3.646,3.648,3.634,3.636,2643.59,9612.09324
2023-08-26 08:43:00,3.636,3.642,3.633,3.641,3473.3,12646.285300000001
2023-08-26 08:44:00,3.642,3.643,3.632,3.632,1493.16,5423.157120000001
2023-08-26 08:45:00,3.632,3.634,3.63,3.633,2934.19,10659.91227
2023-08-26 08:46:00,3.632,3.638,3.632,3.637,1748.93,6360.85841
2023-08-26 08:47:00,3.636,3.636,3.632,3.634,316.61,1150.5607400000001
2023-08-26 08:48:00,3.633,3.635,3.632,3.632,595.06,2161.25792
2023-08-26 08:49:00,3.633,3.642,3.633,3.642,887.98,3234.02316
2023-08-26 08:50:00,3.642,3.644,3.632,3.634,6502.19,23628.958459999998
2023-08-26 08:51:00,3.632,3.632,3.627,3.629,1649.54,5986.18066
2023-08-26 08:52:00,3.631,3.641,3.631,3.637,547.25,1990.34825
2023-08-26 08:53:00,3.639,3.64,3.638,3.639,640.61,2331.17979
2023-08-26 08:54:00,3.639,3.641,3.638,3.639,545.26,1984.20114
2023-08-26 08:55:00,3.638,3.639,3.633,3.634,576.67,2095.61878
2023-08-26 08:56:00,3.633,3.634,3.631,3.633,522.62,1898.67846
2023-08-26 08:57:00,3.633,3.634,3.631,3.634,1331.5,4838.671
2023-08-26 08:58:00,3.633,3.635,3.631,3.633,3072.55,11162.57415
2023-08-26 08:59:00,3.633,3.637,3.632,3.635,3099.78,11267.7003
2023-08-26 09:00:00,3.634,3.64,3.634,3.638,2498.22,9088.52436
2023-08-26 09:01:00,3.637,3.639,3.636,3.636,2348.88,8540.527680000001
2023-08-26 09:02:00,3.636,3.637,3.634,3.636,2369.6,8615.8656
2023-08-26 09:03:00,3.635,3.636,3.63,3.632,2542.43,9234.10576
2023-08-26 09:04:00,3.631,3.635,3.63,3.632,3981.31,14460.11792
2023-08-26 09:05:00,3.632,3.635,3.63,3.632,1826.46,6633.70272
2023-08-26 09:06:00,3.632,3.633,3.629,3.631,7731.46,28072.931259999998
2023-08-26 09:07:00,3.63,3.631,3.626,3.627,3844.46,13943.85642
2023-08-26 09:08:00,3.628,3.637,3.627,3.633,4617.4,16775.014199999998
2023-08-26 09:09:00,3.633,3.636,3.63,3.63,1745.52,6336.2375999999995
2023-08-26 09:10:00,3.63,3.631,3.622,3.625,3814.21,13826.51125
2023-08-26 09:11:00,3.624,3.625,3.621,3.622,2423.4,8777.5548
2023-08-26 09:12:00,3.623,3.625,3.619,3.623,5923.25,21459.93475
2023-08-26 09:13:00,3.623,3.625,3.621,3.625,3011.85,10917.95625
2023-08-26 09:14:00,3.626,3.626,3.62,3.622,4698.77,17018.94494
2023-08-26 09:15:00,3.62,3.626,3.619,3.621,4281.56,15503.528760000001
2023-08-26 09:16:00,3.622,3.625,3.62,3.622,2862.84,10369.20648
2023-08-26 09:17:00,3.621,3.626,3.62,3.626,2328.05,8441.5093
2023-08-26 09:18:00,3.625,3.635,3.625,3.631,6168.25,22396.91575
2023-08-26 09:19:00,3.63,3.631,3.624,3.625,5800.63,21027.28375
2023-08-26 09:20:00,3.626,3.629,3.625,3.628,4512.67,16371.966760000001
2023-08-26 09:21:00,3.628,3.631,3.619,3.624,7202.06,26100.265440000003
2023-08-26 09:22:00,3.624,3.626,3.622,3.623,2830.72,10255.69856
2023-08-26 09:23:00,3.622,3.625,3.621,3.623,2898.45,10501.08435
2023-08-26 09:24:00,3.622,3.625,3.622,3.622,2849.4,10320.5268
2023-08-26 09:25:00,3.622,3.63,3.622,3.624,2731.18,9897.79632
2023-08-26 09:26:00,3.625,3.639,3.624,3.635,2516.39,9147.07765
2023-08-26 09:27:00,3.634,3.637,3.63,3.631,4062.84,14752.17204
2023-08-26 09:28:00,3.631,3.633,3.629,3.632,1618.45,5878.2104
2023-08-26 09:29:00,3.633,3.636,3.631,3.634,2373.9,8626.7526
2023-08-26 09:30:00,3.635,3.635,3.63,3.631,2623.48,9525.85588
2023-08-26 09:31:00,3.631,3.643,3.63,3.64,5974.06,21745.578400000002
2023-08-26 09:32:00,3.641,3.643,3.639,3.642,2776.45,10111.830899999999
2023-08-26 09:33:00,3.643,3.644,3.637,3.643,3844.19,14004.38417
2023-08-26 09:34:00,3.642,3.643,3.633,3.639,5442.53,19805.36667
2023-08-26 09:35:00,3.638,3.644,3.637,3.639,4961.24,18053.95236
2023-08-26 09:36:00,3.638,3.641,3.636,3.637,4538.34,16505.94258
2023-08-26 09:37:00,3.637,3.639,3.634,3.637,4089.72,14874.31164
2023-08-26 09:38:00,3.638,3.638,3.634,3.635,2284.73,8304.99355
2023-08-26 09:39:00,3.636,3.637,3.634,3.635,1673.86,6084.481099999999
2023-08-26 09:40:00,3.634,3.636,3.633,3.634,2050.37,7451.04458
2023-08-26 09:41:00,3.635,3.636,3.633,3.633,1302.9,4733.4357
2023-08-26 09:42:00,3.634,3.635,3.631,3.633,1943.97,7062.44301
2023-08-26 09:43:00,3.632,3.634,3.63,3.63,1944.76,7059.4788
2023-08-26 09:44:00,3.63,3.632,3.628,3.63,2332.37,8466.5031
2023-08-26 09:45:00,3.63,3.631,3.625,3.628,4329.71,15708.187880000001
2023-08-26 09:46:00,3.627,3.628,3.626,3.626,1565.38,5676.0678800000005
2023-08-26 09:47:00,3.627,3.628,3.624,3.628,1795.37,6513.60236
2023-08-26 09:48:00,3.628,3.63,3.626,3.628,2229.41,8088.29948
2023-08-26 09:49:00,3.629,3.63,3.626,3.629,2303.06,8357.80474
2023-08-26 09:50:00,3.628,3.629,3.625,3.628,2925.47,10613.60516
2023-08-26 09:51:00,3.627,3.628,3.622,3.624,5975.71,21655.97304
2023-08-26 09:52:00,3.623,3.626,3.621,3.626,1387.38,5030.639880000001
2023-08-26 09:53:00,3.625,3.626,3.624,3.624,1928.92,6990.406080000001
2023-08-26 09:54:00,3.624,3.626,3.623,3.623,1989.01,7206.183230000001
2023-08-26 09:55:00,3.624,3.625,3.62,3.621,2215.21,8021.27541
2023-08-26 09:56:00,3.622,3.624,3.615,3.615,6945.06,25106.391900000002
2023-08-26 09:57:00,3.616,3.616,3.61,3.615,4380.32,15834.8568
2023-08-26 09:58:00,3.615,3.619,3.614,3.619,1323.09,4788.26271
2023-08-26 09:59:00,3.618,3.619,3.615,3.616,1649.54,5964.73664
2023-08-26 10:00:00,3.616,3.618,3.613,3.618,2383.2,8622.417599999999
2023-08-26 10:01:00,3.617,3.618,3.614,3.615,1669.38,6034.8087000000005
2023-08-26 10:02:00,3.616,3.618,3.614,3.618,1117.12,4041.7401599999994
2023-08-26 10:03:00,3.617,3.618,3.613,3.616,2600.09,9401.92544
2023-08-26 10:04:00,3.616,3.619,3.615,3.619,1245.31,4506.77689
2023-08-26 10:05:00,3.618,3.62,3.615,3.615,3834.33,13861.10295
2023-08-26 10:06:00,3.616,3.619,3.615,3.617,2143.97,7754.739489999999
2023-08-26 10:07:00,3.617,3.618,3.611,3.614,3214.32,11616.55248
2023-08-26 10:08:00,3.614,3.614,3.61,3.611,2293.4,8281.467400000001
2023-08-26 10:09:00,3.61,3.614,3.609,3.61,2737.2,9881.292
2023-08-26 10:10:00,3.609,3.613,3.609,3.613,1530.07,5528.14291
2023-08-26 10:11:00,3.612,3.617,3.611,3.615,2113.32,7639.6518000000015
2023-08-26 10:12:00,3.615,3.624,3.615,3.622,1904.83,6899.29426
2023-08-26 10:13:00,3.623,3.626,3.62,3.62,2448.07,8862.013400000002
2023-08-26 10:14:00,3.621,3.623,3.612,3.622,4485.42,16246.19124
2023-08-26 10:15:00,3.621,3.623,3.616,3.619,2864.87,10367.964530000001
2023-08-26 10:16:00,3.618,3.619,3.616,3.619,1177.26,4260.5039400000005
2023-08-26 10:17:00,3.618,3.625,3.617,3.624,1145.56,4151.50944
2023-08-26 10:18:00,3.624,3.629,3.622,3.629,2041.94,7410.2002600000005
2023-08-26 10:19:00,3.627,3.63,3.621,3.624,4569.13,16558.527120000002
2023-08-26 10:20:00,3.623,3.627,3.622,3.626,1424.65,5165.7809
2023-08-26 10:21:00,3.626,3.631,3.625,3.628,2629.76,9540.76928
2023-08-26 10:22:00,3.629,3.632,3.628,3.629,1730.51,6280.02079
2023-08-26 10:23:00,3.629,3.631,3.629,3.63,2129.12,7728.705599999999
2023-08-26 10:24:00,3.631,3.632,3.628,3.629,1660.8,6027.0432
2023-08-26 10:25:00,3.628,3.637,3.627,3.634,2478.65,9007.4141
2023-08-26 10:26:00,3.633,3.634,3.63,3.632,1249.56,4538.40192
2023-08-26 10:27:00,3.632,3.636,3.631,3.633,1160.76,4217.04108
2023-08-26 10:28:00,3.633,3.638,3.632,3.632,5846.76,21235.43232
2023-08-26 10:29:00,3.633,3.636,3.629,3.632,3044.7,11058.3504
2023-08-26 10:30:00,3.632,3.632,3.629,3.631,1925.25,6990.58275
2023-08-26 10:31:00,3.633,3.64,3.63,3.639,3332.5,12126.967499999999
2023-08-26 10:32:00,3.64,3.645,3.638,3.64,3860.4,14051.856000000002
2023-08-26 10:33:00,3.641,3.65,3.639,3.65,6353.88,23191.662
2023-08-26 10:34:00,3.65,3.651,3.646,3.647,2477.57,9035.69779
2023-08-26 10:35:00,3.647,3.647,3.639,3.64,1805.67,6572.638800000001
2023-08-26 10:36:00,3.641,3.641,3.638,3.638,955.06,3474.5082799999996
2023-08-26 10:37:00,3.639,3.642,3.637,3.642,2250.53,8196.430260000001
2023-08-26 10:38:00,3.641,3.645,3.641,3.644,1002.69,3653.80236
2023-08-26 10:39:00,3.643,3.647,3.642,3.646,2437.09,8885.630140000001
2023-08-26 10:40:00,3.646,3.646,3.64,3.641,1822.56,6635.94096
2023-08-26 10:41:00,3.641,3.645,3.64,3.644,1333.23,4858.290120000001
2023-08-26 10:42:00,3.645,3.645,3.642,3.644,874.62,3187.11528
2023-08-26 10:43:00,3.645,3.647,3.643,3.646,1050.43,3829.86778
2023-08-26 10:44:00,3.647,3.651,3.644,3.65,1426.76,5207.674
2023-08-26 10:45:00,3.65,3.66,3.65,3.655,3876.92,14170.1426
2023-08-26 10:46:00,3.655,3.656,3.65,3.652,2713.73,9910.54196
2023-08-26 10:47:00,3.654,3.654,3.648,3.65,1133.89,4138.6985
2023-08-26 10:48:00,3.649,3.656,3.646,3.656,4120.41,15064.21896
2023-08-26 10:49:00,3.656,3.657,3.654,3.657,3619.29,13235.74353
2023-08-26 10:50:00,3.657,3.66,3.654,3.655,1800.55,6581.010249999999
2023-08-26 10:51:00,3.655,3.656,3.65,3.65,1702.61,6214.526499999999
2023-08-26 10:52:00,3.651,3.651,3.648,3.65,1467.65,5356.922500000001
2023-08-26 10:53:00,3.65,3.654,3.65,3.653,1084.33,3961.0574899999997
2023-08-26 10:54:00,3.654,3.655,3.652,3.653,1176.51,4297.79103
2023-08-26 10:55:00,3.652,3.654,3.649,3.65,803.39,2932.3734999999997
2023-08-26 10:56:00,3.649,3.65,3.646,3.648,1607.0,5862.336
2023-08-26 10:57:00,3.647,3.65,3.647,3.649,2019.63,7369.629870000001
2023-08-26 10:58:00,3.648,3.649,3.641,3.642,3349.05,12197.2401
2023-08-26 10:59:00,3.641,3.648,3.64,3.647,1236.79,4510.57313
2023-08-26 11:00:00,3.647,3.65,3.646,3.649,1122.44,4095.7835600000003
2023-08-26 11:01:00,3.649,3.65,3.647,3.649,1661.62,6063.25138
2023-08-26 11:02:00,3.65,3.65,3.642,3.644,2956.84,10774.724960000001
2023-08-26 11:03:00,3.645,3.646,3.641,3.646,2456.46,8956.25316
2023-08-26 11:04:00,3.645,3.65,3.64,3.642,2387.18,8694.109559999999
2023-08-26 11:05:00,3.641,3.641,3.638,3.639,2105.35,7661.368649999999
2023-08-26 11:06:00,3.638,3.639,3.634,3.636,2097.54,7626.65544
2023-08-26 11:07:00,3.635,3.636,3.626,3.633,7108.46,25825.03518
2023-08-26 11:08:00,3.634,3.634,3.631,3.632,1763.15,6403.760800000001
2023-08-26 11:09:00,3.631,3.638,3.63,3.637,1339.9,4873.2163
2023-08-26 11:10:00,3.638,3.64,3.634,3.636,1556.2,5658.3432
2023-08-26 11:11:00,3.637,3.641,3.636,3.638,1086.58,3952.9780399999995
2023-08-26 11:12:00,3.64,3.641,3.638,3.639,1077.11,3919.6032899999996
2023-08-26 11:13:00,3.638,3.641,3.638,3.639,942.67,3430.3761299999996
2023-08-26 11:14:00,3.638,3.64,3.636,3.637,1408.89,5124.132930000001
2023-08-26 11:15:00,3.638,3.639,3.633,3.635,1246.71,4531.79085
2023-08-26 11:16:00,3.635,3.635,3.631,3.632,1966.8,7143.4176
2023-08-26 11:17:00,3.633,3.633,3.63,3.631,2438.42,8853.90302
2023-08-26 11:18:00,3.632,3.633,3.629,3.631,2072.11,7523.83141
2023-08-26 11:19:00,3.632,3.636,3.631,3.633,1270.53,4615.8354899999995
2023-08-26 11:20:00,3.633,3.635,3.631,3.632,725.98,2636.75936
2023-08-26 11:21:00,3.631,3.633,3.629,3.629,1558.75,5656.70375
2023-08-26 11:22:00,3.631,3.632,3.627,3.63,4855.68,17626.1184
2023-08-26 11:23:00,3.628,3.634,3.627,3.631,1548.11,5621.1874099999995
2023-08-26 11:24:00,3.631,3.633,3.628,3.631,1803.41,6548.18171
2023-08-26 11:25:00,3.631,3.632,3.628,3.631,2909.1,10562.942099999998
2023-08-26 11:26:00,3.631,3.632,3.629,3.631,1232.49,4475.17119
2023-08-26 11:27:00,3.63,3.631,3.625,3.626,4191.11,15196.964859999998
2023-08-26 11:28:00,3.625,3.629,3.625,3.628,1497.57,5433.18396
2023-08-26 11:29:00,3.627,3.63,3.626,3.629,1708.97,6201.85213
2023-08-26 11:30:00,3.63,3.631,3.628,3.63,2147.89,7796.8407
2023-08-26 11:31:00,3.631,3.637,3.63,3.637,1818.26,6613.01162
2023-08-26 11:32:00,3.636,3.639,3.628,3.631,2729.07,9909.25317
2023-08-26 11:33:00,3.631,3.633,3.627,3.63,1104.19,4008.2097
2023-08-26 11:34:00,3.632,3.632,3.63,3.631,1695.48,6156.28788
2023-08-26 11:35:00,3.631,3.632,3.628,3.632,915.19,3323.9700800000005
2023-08-26 11:36:00,3.632,3.634,3.631,3.633,2331.19,8469.21327
2023-08-26 11:37:00,3.634,3.638,3.633,3.637,868.68,3159.3891599999997
2023-08-26 11:38:00,3.638,3.639,3.634,3.636,2237.4,8135.1864000000005
2023-08-26 11:39:00,3.636,3.639,3.63,3.638,7945.07,28904.16466
2023-08-26 11:40:00,3.639,3.64,3.634,3.636,3356.78,12205.252080000002
2023-08-26 11:41:00,3.636,3.637,3.632,3.636,1540.76,5602.20336
2023-08-26 11:42:00,3.635,3.637,3.633,3.636,1509.95,5490.1782
2023-08-26 11:43:00,3.636,3.638,3.634,3.636,1929.3,7014.9348
2023-08-26 11:44:00,3.635,3.637,3.634,3.635,1959.85,7124.054749999999
2023-08-26 11:45:00,3.635,3.636,3.632,3.635,1838.31,6682.25685
2023-08-26 11:46:00,3.635,3.638,3.634,3.636,2148.07,7810.382520000001
2023-08-26 11:47:00,3.635,3.636,3.632,3.632,2098.68,7622.40576
2023-08-26 11:48:00,3.632,3.633,3.63,3.631,779.38,2829.9287799999997
2023-08-26 11:49:00,3.635,3.635,3.632,3.633,1405.55,5106.36315
2023-08-26 11:50:00,3.634,3.637,3.633,3.637,942.54,3428.01798
2023-08-26 11:51:00,3.636,3.64,3.636,3.639,3265.73,11883.991469999999
2023-08-26 11:52:00,3.639,3.648,3.639,3.648,3053.78,11140.189440000002
2023-08-26 11:53:00,3.646,3.65,3.64,3.642,2587.04,9421.999679999999
2023-08-26 11:54:00,3.642,3.646,3.641,3.645,1536.65,5601.08925
2023-08-26 11:55:00,3.645,3.648,3.642,3.645,1293.96,4716.4842
2023-08-26 11:56:00,3.644,3.648,3.641,3.647,1632.88,5955.11336
2023-08-26 11:57:00,3.646,3.648,3.643,3.644,3011.67,10974.52548
2023-08-26 11:58:00,3.645,3.646,3.643,3.646,1344.75,4902.9585
2023-08-26 11:59:00,3.646,3.647,3.644,3.644,1308.05,4766.5342
2023-08-26 12:00:00,3.645,3.65,3.644,3.65,4795.36,17503.064
2023-08-26 12:01:00,3.648,3.652,3.647,3.651,6134.58,22397.35158
2023-08-26 12:02:00,3.651,3.654,3.65,3.652,2529.12,9236.34624
2023-08-26 12:03:00,3.653,3.653,3.649,3.651,4259.68,15552.09168
2023-08-26 12:04:00,3.651,3.653,3.649,3.652,3567.8,13029.6056
2023-08-26 12:05:00,3.653,3.654,3.651,3.653,3629.22,13257.540659999999
2023-08-26 12:06:00,3.653,3.655,3.65,3.655,3874.62,14161.736099999998
2023-08-26 12:07:00,3.654,3.656,3.652,3.656,4298.74,15716.19344
2023-08-26 12:08:00,3.655,3.656,3.652,3.654,3104.77,11344.82958
2023-08-26 12:09:00,3.654,3.658,3.652,3.657,3169.75,11591.77575
2023-08-26 12:10:00,3.658,3.66,3.654,3.658,2160.76,7904.06008
2023-08-26 12:11:00,3.658,3.659,3.653,3.654,1966.8,7186.687199999999
2023-08-26 12:12:00,3.653,3.656,3.652,3.654,1127.97,4121.60238
2023-08-26 12:13:00,3.655,3.66,3.65,3.658,8837.45,32327.3921
2023-08-26 12:14:00,3.659,3.66,3.658,3.659,4034.69,14762.930709999999
2023-08-26 12:15:00,3.658,3.659,3.648,3.65,7778.97,28393.2405
2023-08-26 12:16:00,3.649,3.65,3.645,3.648,605.49,2208.8275200000003
2023-08-26 12:17:00,3.646,3.648,3.641,3.641,1065.31,3878.79371
2023-08-26 12:18:00,3.641,3.642,3.63,3.631,5676.66,20611.952459999997
2023-08-26 12:19:00,3.633,3.634,3.622,3.623,7561.01,27393.539230000002
2023-08-26 12:20:00,3.622,3.623,3.611,3.622,5142.62,18626.569639999998
2023-08-26 12:21:00,3.622,3.626,3.612,3.617,3335.86,12065.805620000001
2023-08-26 12:22:00,3.617,3.625,3.617,3.623,4254.77,15415.031710000003
2023-08-26 12:23:00,3.624,3.625,3.623,3.625,1237.54,4486.0824999999995
2023-08-26 12:24:00,3.625,3.625,3.613,3.622,2673.93,9684.97446
2023-08-26 12:25:00,3.621,3.621,3.613,3.619,4947.48,17904.93012
2023-08-26 12:26:00,3.619,3.62,3.615,3.62,2028.13,7341.8306
2023-08-26 12:27:00,3.619,3.619,3.604,3.614,8046.08,29078.53312
2023-08-26 12:28:00,3.614,3.615,3.608,3.61,1965.04,7093.7944
2023-08-26 12:29:00,3.609,3.609,3.602,3.603,3125.76,11262.113280000001
2023-08-26 12:30:00,3.603,3.604,3.581,3.592,17046.68,61231.67456
2023-08-26 12:31:00,3.59,3.594,3.587,3.588,1637.12,5873.986559999999
2023-08-26 12:32:00,3.588,3.593,3.585,3.588,9781.0,35094.228
2023-08-26 12:33:00,3.588,3.596,3.588,3.592,2466.77,8860.63784
2023-08-26 12:34:00,3.592,3.6,3.591,3.596,9680.39,34810.68244
2023-08-26 12:35:00,3.595,3.6,3.595,3.6,2650.13,9540.468
2023-08-26 12:36:00,3.6,3.602,3.59,3.59,4662.82,16739.5238
2023-08-26 12:37:00,3.589,3.594,3.587,3.59,3975.21,14271.0039
2023-08-26 12:38:00,3.59,3.595,3.59,3.595,1482.5,5329.587500000001
2023-08-26 12:39:00,3.594,3.596,3.585,3.587,3960.58,14206.60046
2023-08-26 12:40:00,3.587,3.596,3.584,3.591,4883.47,17536.540770000003
2023-08-26 12:41:00,3.591,3.592,3.585,3.585,4748.94,17024.9499
2023-08-26 12:42:00,3.586,3.594,3.577,3.592,6157.2,22116.6624
2023-08-26 12:43:00,3.591,3.594,3.588,3.588,1499.09,5378.73492
2023-08-26 12:44:00,3.59,3.594,3.589,3.594,2110.12,7583.771279999999
2023-08-26 12:45:00,3.594,3.594,3.586,3.587,2538.46,9105.456020000001
2023-08-26 12:46:00,3.586,3.59,3.584,3.588,1883.22,6756.99336
2023-08-26 12:47:00,3.59,3.59,3.581,3.583,4671.01,16736.22883
2023-08-26 12:48:00,3.583,3.589,3.578,3.588,13904.82,49890.49416
2023-08-26 12:49:00,3.588,3.595,3.588,3.595,3776.96,13578.1712
2023-08-26 12:50:00,3.595,3.603,3.594,3.599,10449.62,37608.182380000006
2023-08-26 12:51:00,3.597,3.601,3.596,3.6,2099.12,7556.831999999999
2023-08-26 12:52:00,3.601,3.608,3.6,3.602,2946.04,10611.63608
2023-08-26 12:53:00,3.601,3.603,3.6,3.603,2078.45,7488.65535
2023-08-26 12:54:00,3.602,3.604,3.601,3.603,3072.29,11069.46087
2023-08-26 12:55:00,3.603,3.606,3.602,3.604,2113.72,7617.846879999999
2023-08-26 12:56:00,3.605,3.608,3.601,3.601,1554.07,5596.20607
2023-08-26 12:57:00,3.6,3.601,3.59,3.601,4965.49,17880.729489999998
2023-08-26 12:58:00,3.603,3.606,3.596,3.597,2881.47,10364.647589999999
2023-08-26 12:59:00,3.597,3.598,3.592,3.595,3461.18,12442.9421
2023-08-26 13:00:00,3.596,3.603,3.595,3.603,2248.63,8101.813890000001
2023-08-26 13:01:00,3.602,3.603,3.597,3.599,2500.82,9000.451180000002
2023-08-26 13:02:00,3.598,3.6,3.594,3.598,1746.03,6282.21594
2023-08-26 13:03:00,3.598,3.599,3.597,3.598,1689.34,6078.245319999999
2023-08-26 13:04:00,3.597,3.598,3.596,3.597,922.71,3318.98787
2023-08-26 13:05:00,3.598,3.598,3.594,3.594,1602.5,5759.385
2023-08-26 13:06:00,3.594,3.595,3.59,3.592,3573.55,12836.1916
2023-08-26 13:07:00,3.592,3.602,3.59,3.59,7965.49,28596.109099999998
2023-08-26 13:08:00,3.591,3.594,3.588,3.588,4111.16,14750.84208
2023-08-26 13:09:00,3.589,3.589,3.581,3.582,7376.96,26424.27072
2023-08-26 13:10:00,3.581,3.587,3.58,3.583,2492.96,8932.27568
2023-08-26 13:11:00,3.584,3.586,3.582,3.584,5589.28,20031.97952
2023-08-26 13:12:00,3.583,3.584,3.58,3.582,4842.98,17347.55436
2023-08-26 13:13:00,3.581,3.585,3.58,3.584,2977.88,10672.72192
2023-08-26 13:14:00,3.582,3.584,3.578,3.581,2321.59,8313.613790000001
2023-08-26 13:15:00,3.58,3.59,3.578,3.587,10089.81,36192.14847
2023-08-26 13:16:00,3.59,3.59,3.586,3.587,5816.65,20864.32355
2023-08-26 13:17:00,3.588,3.592,3.587,3.592,8063.29,28963.33768
2023-08-26 13:18:00,3.595,3.597,3.59,3.59,745.2,2675.268
2023-08-26 13:19:00,3.591,3.591,3.588,3.588,1577.59,5660.39292
2023-08-26 13:20:00,3.588,3.595,3.586,3.594,1827.91,6569.50854
2023-08-26 13:21:00,3.594,3.601,3.593,3.601,2356.46,8485.61246
2023-08-26 13:22:00,3.602,3.603,3.595,3.596,1232.66,4432.64536
2023-08-26 13:23:00,3.596,3.597,3.593,3.596,2445.56,8794.23376
2023-08-26 13:24:00,3.595,3.596,3.593,3.593,2838.2,10197.6526
2023-08-26 13:25:00,3.595,3.595,3.588,3.591,6228.02,22364.819820000004
2023-08-26 13:26:00,3.592,3.6,3.591,3.598,3332.77,11991.30646
2023-08-26 13:27:00,3.599,3.605,3.597,3.597,3820.3,13741.6191
2023-08-26 13:28:00,3.596,3.601,3.595,3.595,2645.77,9511.543150000001
2023-08-26 13:29:00,3.596,3.596,3.594,3.594,1802.95,6479.8023
2023-08-26 13:30:00,3.596,3.598,3.594,3.598,3483.05,12532.0139
2023-08-26 13:31:00,3.597,3.603,3.596,3.601,2062.14,7425.76614
2023-08-26 13:32:00,3.601,3.606,3.601,3.604,2524.41,9097.97364
2023-08-26 13:33:00,3.605,3.608,3.604,3.607,3353.7,12096.7959
2023-08-26 13:34:00,3.606,3.607,3.604,3.606,5689.59,20516.66154
2023-08-26 13:35:00,3.605,3.607,3.599,3.6,3315.9,11937.24
2023-08-26 13:36:00,3.599,3.601,3.594,3.6,3188.94,11480.184000000001
2023-08-26 13:37:00,3.601,3.606,3.6,3.605,2954.93,10652.522649999999
2023-08-26 13:38:00,3.604,3.607,3.603,3.606,1632.02,5885.06412
2023-08-26 13:39:00,3.607,3.608,3.603,3.605,3757.35,13545.24675
2023-08-26 13:40:00,3.604,3.608,3.603,3.607,2810.55,10137.65385
2023-08-26 13:41:00,3.608,3.61,3.607,3.61,2707.95,9775.699499999999
2023-08-26 13:42:00,3.609,3.61,3.606,3.607,2426.5,8752.3855
2023-08-26 13:43:00,3.607,3.608,3.603,3.606,3686.53,13293.62718
2023-08-26 13:44:00,3.605,3.615,3.605,3.612,3268.88,11807.19456
2023-08-26 13:45:00,3.613,3.618,3.611,3.616,3073.2,11112.6912
2023-08-26 13:46:00,3.615,3.615,3.605,3.606,3320.74,11974.58844
2023-08-26 13:47:00,3.607,3.611,3.607,3.609,2609.27,9416.85543
2023-08-26 13:48:00,3.609,3.609,3.604,3.606,3603.91,12995.69946
2023-08-26 13:49:00,3.605,3.61,3.604,3.607,1910.6,6891.5342
2023-08-26 13:50:00,3.608,3.61,3.608,3.609,3654.34,13188.513060000001
2023-08-26 13:51:00,3.61,3.61,3.606,3.607,987.67,3562.52569
2023-08-26 13:52:00,3.607,3.609,3.606,3.607,2624.22,9465.56154
2023-08-26 13:53:00,3.608,3.608,3.603,3.606,3755.4,13541.9724
2023-08-26 13:54:00,3.605,3.606,3.603,3.605,1992.52,7183.0346
2023-08-26 13:55:00,3.605,3.605,3.603,3.603,2540.52,9153.49356
2023-08-26 13:56:00,3.604,3.607,3.604,3.607,3370.77,12158.367390000001
2023-08-26 13:57:00,3.606,3.608,3.604,3.606,2435.9,8783.8554
2023-08-26 13:58:00,3.607,3.612,3.607,3.609,3805.75,13734.95175
2023-08-26 13:59:00,3.609,3.609,3.606,3.607,3331.86,12018.019020000002
2023-08-26 14:00:00,3.607,3.611,3.606,3.608,3324.57,11995.048560000001
2023-08-26 14:01:00,3.609,3.612,3.606,3.609,4306.97,15543.854730000001
2023-08-26 14:02:00,3.608,3.61,3.607,3.609,2263.52,8169.04368
2023-08-26 14:03:00,3.609,3.61,3.603,3.603,4224.97,15222.566910000001
2023-08-26 14:04:00,3.603,3.604,3.603,3.603,3810.36,13728.72708
2023-08-26 14:05:00,3.603,3.607,3.603,3.604,2730.88,9842.09152
2023-08-26 14:06:00,3.603,3.604,3.597,3.597,5826.07,20956.373789999998
2023-08-26 14:07:00,3.598,3.603,3.597,3.602,2481.79,8939.40758
2023-08-26 14:08:00,3.603,3.612,3.603,3.61,4161.43,15022.7623
2023-08-26 14:09:00,3.609,3.612,3.608,3.609,2660.6,9602.1054
2023-08-26 14:10:00,3.609,3.61,3.601,3.603,3665.15,13205.535450000001
2023-08-26 14:11:00,3.602,3.604,3.599,3.602,3821.91,13766.51982
2023-08-26 14:12:00,3.603,3.604,3.601,3.603,2456.24,8849.83272
2023-08-26 14:13:00,3.602,3.604,3.6,3.6,3524.83,12689.388
2023-08-26 14:14:00,3.6,3.602,3.599,3.601,5925.35,21337.18535
2023-08-26 14:15:00,3.601,3.61,3.599,3.609,6283.24,22676.21316
2023-08-26 14:16:00,3.611,3.612,3.608,3.609,3570.73,12886.76457
2023-08-26 14:17:00,3.608,3.609,3.606,3.608,2736.1,9871.8488
2023-08-26 14:18:00,3.608,3.61,3.607,3.608,3882.95,14009.6836
2023-08-26 14:19:00,3.608,3.61,3.607,3.609,3673.7,13258.3833
2023-08-26 14:20:00,3.61,3.611,3.607,3.61,4968.14,17934.9854
2023-08-26 14:21:00,3.609,3.612,3.6,3.603,2350.0,8467.050000000001
2023-08-26 14:22:00,3.603,3.604,3.6,3.602,2175.39,7835.754779999999
2023-08-26 14:23:00,3.601,3.605,3.598,3.605,3937.47,14194.57935
2023-08-26 14:24:00,3.604,3.605,3.601,3.603,2011.73,7248.263190000001
2023-08-26 14:25:00,3.603,3.609,3.6,3.609,3574.04,12898.71036
2023-08-26 14:26:00,3.609,3.61,3.606,3.607,2870.45,10353.71315
2023-08-26 14:27:00,3.608,3.609,3.606,3.608,4141.45,14942.3516
2023-08-26 14:28:00,3.608,3.613,3.607,3.612,4096.3,14795.8356
2023-08-26 14:29:00,3.613,3.613,3.607,3.61,4032.66,14557.9026
2023-08-26 14:30:00,3.61,3.615,3.609,3.612,4205.87,15191.60244
2023-08-26 14:31:00,3.612,3.616,3.612,3.614,4137.17,14951.73238
2023-08-26 14:32:00,3.613,3.616,3.612,3.612,3340.52,12065.95824
2023-08-26 14:33:00,3.613,3.616,3.611,3.613,3010.54,10877.08102
2023-08-26 14:34:00,3.615,3.615,3.609,3.612,3161.11,11417.929320000001
2023-08-26 14:35:00,3.611,3.614,3.609,3.611,3873.71,13987.966810000002
2023-08-26 14:36:00,3.61,3.617,3.61,3.617,1795.76,6495.26392
2023-08-26 14:37:00,3.616,3.619,3.613,3.615,3258.37,11779.00755
2023-08-26 14:38:00,3.616,3.619,3.613,3.614,4855.62,17548.21068
2023-08-26 14:39:00,3.614,3.614,3.601,3.601,8342.55,30041.522549999998
2023-08-26 14:40:00,3.602,3.605,3.6,3.604,3436.7,12385.8668
2023-08-26 14:41:00,3.604,3.605,3.598,3.6,5057.89,18208.404000000002
2023-08-26 14:42:00,3.6,3.6,3.597,3.598,3645.56,13116.72488
2023-08-26 14:43:00,3.599,3.602,3.597,3.601,4235.9,15253.4759
2023-08-26 14:44:00,3.602,3.609,3.601,3.606,4229.45,15251.3967
2023-08-26 14:45:00,3.606,3.609,3.604,3.605,3052.13,11002.92865
2023-08-26 14:46:00,3.605,3.607,3.604,3.605,3179.24,11461.160199999998
2023-08-26 14:47:00,3.604,3.608,3.604,3.607,3082.41,11118.25287
2023-08-26 14:48:00,3.607,3.609,3.605,3.608,2446.1,8825.5288
2023-08-26 14:49:00,3.607,3.607,3.603,3.605,3469.72,12508.3406
2023-08-26 14:50:00,3.605,3.605,3.6,3.602,2988.57,10764.82914
2023-08-26 14:51:00,3.603,3.605,3.6,3.603,1540.82,5551.57446
2023-08-26 14:52:00,3.603,3.607,3.602,3.607,2885.47,10407.89029
2023-08-26 14:53:00,3.606,3.609,3.604,3.604,2788.12,10048.38448
2023-08-26 14:54:00,3.605,3.607,3.601,3.604,2692.57,9704.022280000001
2023-08-26 14:55:00,3.604,3.606,3.601,3.606,1725.02,6220.422119999999
2023-08-26 14:56:00,3.605,3.609,3.604,3.606,823.73,2970.37038
2023-08-26 14:57:00,3.605,3.612,3.605,3.611,3161.38,11415.743180000001
2023-08-26 14:58:00,3.61,3.616,3.61,3.613,2311.26,8350.582380000002
2023-08-26 14:59:00,3.614,3.618,3.613,3.617,2155.87,7797.78179
2023-08-26 15:00:00,3.616,3.62,3.613,3.615,4890.48,17679.085199999998
